"proj_id","repo_name","owner_login","language","ï»¿Id","ci_age","n_issues","n_tag_issues","n_bug_issues","proj_age","n_star","n_fork","n_core_issues","n_core_bugs","Date"
1127,"zeroclickinfo-spice","duckduckgo","JavaScript",126,-8,4,0,0,15,170,91,3,0,"2012-09-26 13:08:37.0"
1127,"zeroclickinfo-spice","duckduckgo","JavaScript",125,-7,1,0,0,16,175,97,0,0,"2012-10-26 13:08:37.0"
1127,"zeroclickinfo-spice","duckduckgo","JavaScript",152,10,10,10,7,32,191,245,10,7,"2014-02-18 13:08:37.0"
1127,"zeroclickinfo-spice","duckduckgo","JavaScript",153,11,11,11,6,33,191,260,11,6,"2014-03-20 13:08:37.0"
1127,"zeroclickinfo-spice","duckduckgo","JavaScript",154,12,3,2,1,34,191,270,2,1,"2014-04-19 13:08:37.0"
1127,"zeroclickinfo-spice","duckduckgo","JavaScript",155,13,66,59,32,35,196,280,65,32,"2014-05-19 13:08:37.0"
1127,"zeroclickinfo-spice","duckduckgo","JavaScript",156,14,32,31,11,36,203,289,32,11,"2014-06-18 13:08:37.0"
1127,"zeroclickinfo-spice","duckduckgo","JavaScript",157,15,17,16,12,37,207,298,16,11,"2014-07-18 13:08:37.0"
1127,"zeroclickinfo-spice","duckduckgo","JavaScript",158,16,13,12,7,38,213,306,11,6,"2014-08-17 13:08:37.0"
1127,"zeroclickinfo-spice","duckduckgo","JavaScript",159,17,16,13,7,39,220,309,13,5,"2014-09-16 13:08:37.0"
1127,"zeroclickinfo-spice","duckduckgo","JavaScript",160,18,26,16,9,40,221,317,23,9,"2014-10-16 13:08:37.0"
1127,"zeroclickinfo-spice","duckduckgo","JavaScript",161,19,13,11,8,41,230,321,13,8,"2014-11-15 13:08:37.0"
1127,"zeroclickinfo-spice","duckduckgo","JavaScript",134,-17,1,0,0,7,111,4,1,0,"2012-01-30 13:08:37.0"
1127,"zeroclickinfo-spice","duckduckgo","JavaScript",135,-18,1,0,0,5,101,2,0,0,"2011-12-01 13:08:37.0"
1127,"zeroclickinfo-spice","duckduckgo","JavaScript",136,-19,2,0,0,4,99,2,1,0,"2011-11-01 13:08:37.0"
1127,"zeroclickinfo-spice","duckduckgo","JavaScript",137,-20,1,0,0,3,96,1,0,0,"2011-10-02 13:08:37.0"
1127,"zeroclickinfo-spice","duckduckgo","JavaScript",138,-5,2,1,1,18,180,129,1,1,"2012-12-25 13:08:37.0"
1127,"zeroclickinfo-spice","duckduckgo","JavaScript",139,-4,5,5,3,19,180,134,4,3,"2013-01-24 13:08:37.0"
1127,"zeroclickinfo-spice","duckduckgo","JavaScript",127,-9,8,1,0,14,164,83,6,0,"2012-08-27 13:08:37.0"
1127,"zeroclickinfo-spice","duckduckgo","JavaScript",128,-11,14,0,0,12,155,59,6,0,"2012-06-28 13:08:37.0"
1127,"zeroclickinfo-spice","duckduckgo","JavaScript",129,-12,8,1,0,11,146,47,2,0,"2012-05-29 13:08:37.0"
1127,"zeroclickinfo-spice","duckduckgo","JavaScript",130,-13,3,1,0,10,129,23,1,0,"2012-04-29 13:08:37.0"
1127,"zeroclickinfo-spice","duckduckgo","JavaScript",131,-10,2,0,0,13,161,71,0,0,"2012-07-28 13:08:37.0"
1127,"zeroclickinfo-spice","duckduckgo","JavaScript",132,-14,2,0,0,9,123,13,0,0,"2012-03-30 13:08:37.0"
1127,"zeroclickinfo-spice","duckduckgo","JavaScript",133,-16,1,0,0,7,111,4,0,0,"2012-01-30 13:08:37.0"
1127,"zeroclickinfo-spice","duckduckgo","JavaScript",147,5,5,3,3,27,190,186,5,3,"2013-09-21 13:08:37.0"
1127,"zeroclickinfo-spice","duckduckgo","JavaScript",148,6,34,31,13,28,190,193,34,13,"2013-10-21 13:08:37.0"
1127,"zeroclickinfo-spice","duckduckgo","JavaScript",149,7,22,20,9,29,191,212,21,9,"2013-11-20 13:08:37.0"
1127,"zeroclickinfo-spice","duckduckgo","JavaScript",150,8,6,6,4,30,191,220,4,4,"2013-12-20 13:08:37.0"
1127,"zeroclickinfo-spice","duckduckgo","JavaScript",151,9,7,5,3,31,191,230,7,3,"2014-01-19 13:08:37.0"
1127,"zeroclickinfo-spice","duckduckgo","JavaScript",143,1,3,2,0,23,185,162,3,0,"2013-05-24 13:08:37.0"
1127,"zeroclickinfo-spice","duckduckgo","JavaScript",140,-3,13,11,7,20,181,143,10,6,"2013-02-23 13:08:37.0"
1127,"zeroclickinfo-spice","duckduckgo","JavaScript",141,-2,8,8,3,21,182,153,7,3,"2013-03-25 13:08:37.0"
1127,"zeroclickinfo-spice","duckduckgo","JavaScript",142,-1,2,2,2,22,184,157,2,2,"2013-04-24 13:08:37.0"
1127,"zeroclickinfo-spice","duckduckgo","JavaScript",144,2,3,0,0,24,186,168,0,0,"2013-06-23 13:08:37.0"
1127,"zeroclickinfo-spice","duckduckgo","JavaScript",145,3,7,5,3,25,188,175,5,3,"2013-07-23 13:08:37.0"
1127,"zeroclickinfo-spice","duckduckgo","JavaScript",146,4,4,2,1,26,189,178,3,1,"2013-08-22 13:08:37.0"
1386,"statsmodels","statsmodels","Python",233,11,21,18,2,28,632,161,17,2,"2013-09-29 08:04:50.0"
1386,"statsmodels","statsmodels","Python",234,12,45,35,6,29,635,175,29,5,"2013-10-29 08:04:50.0"
1386,"statsmodels","statsmodels","Python",235,13,27,22,3,30,639,189,21,2,"2013-11-28 08:04:50.0"
1386,"statsmodels","statsmodels","Python",236,14,42,27,13,31,646,203,28,12,"2013-12-28 08:04:50.0"
1386,"statsmodels","statsmodels","Python",237,15,40,19,6,32,653,213,24,5,"2014-01-27 08:04:50.0"
1386,"statsmodels","statsmodels","Python",238,16,49,38,7,33,656,230,39,6,"2014-02-26 08:04:50.0"
1386,"statsmodels","statsmodels","Python",239,17,55,38,13,34,657,246,40,10,"2014-03-28 08:04:50.0"
1386,"statsmodels","statsmodels","Python",240,18,69,50,6,35,671,255,54,6,"2014-04-27 08:04:50.0"
1386,"statsmodels","statsmodels","Python",241,19,37,30,3,36,698,264,32,3,"2014-05-27 08:04:50.0"
1386,"statsmodels","statsmodels","Python",242,20,72,60,10,37,720,264,61,9,"2014-06-26 08:04:50.0"
1386,"statsmodels","statsmodels","Python",243,21,40,28,13,38,747,265,27,12,"2014-07-26 08:04:50.0"
1386,"statsmodels","statsmodels","Python",244,22,53,37,14,39,767,268,36,12,"2014-08-25 08:04:50.0"
1386,"statsmodels","statsmodels","Python",245,23,27,25,8,40,784,269,22,5,"2014-09-24 08:04:50.0"
1386,"statsmodels","statsmodels","Python",246,24,23,16,1,41,804,270,16,1,"2014-10-24 08:04:50.0"
1386,"statsmodels","statsmodels","Python",247,25,8,5,0,42,823,270,5,0,"2014-11-23 08:04:50.0"
1386,"statsmodels","statsmodels","Python",208,1,12,11,3,18,550,74,10,3,"2012-12-03 08:04:50.0"
1386,"statsmodels","statsmodels","Python",209,-3,24,23,5,15,504,59,22,5,"2012-09-04 08:04:50.0"
1386,"statsmodels","statsmodels","Python",210,-2,38,32,7,16,531,64,32,7,"2012-10-04 08:04:50.0"
1386,"statsmodels","statsmodels","Python",211,-1,21,20,3,17,538,67,18,1,"2012-11-03 08:04:50.0"
1386,"statsmodels","statsmodels","Python",212,-5,36,30,4,13,462,47,36,4,"2012-07-06 08:04:50.0"
1386,"statsmodels","statsmodels","Python",213,-7,28,24,5,11,417,35,22,3,"2012-05-07 08:04:50.0"
1386,"statsmodels","statsmodels","Python",214,-8,21,17,5,10,399,29,17,5,"2012-04-07 08:04:50.0"
1386,"statsmodels","statsmodels","Python",215,-4,36,35,9,14,487,51,35,9,"2012-08-05 08:04:50.0"
1386,"statsmodels","statsmodels","Python",216,2,15,13,2,19,574,80,11,2,"2013-01-02 08:04:50.0"
1386,"statsmodels","statsmodels","Python",217,3,32,30,5,20,583,87,27,4,"2013-02-01 08:04:50.0"
1386,"statsmodels","statsmodels","Python",218,-9,16,12,2,9,375,23,16,2,"2012-03-08 08:04:50.0"
1386,"statsmodels","statsmodels","Python",219,-11,12,12,4,7,337,21,11,3,"2012-01-08 08:04:50.0"
1386,"statsmodels","statsmodels","Python",220,-6,29,26,2,12,437,40,23,1,"2012-06-06 08:04:50.0"
1386,"statsmodels","statsmodels","Python",221,-15,61,34,1,3,283,12,1,0,"2011-09-10 08:04:50.0"
1386,"statsmodels","statsmodels","Python",222,-13,10,7,1,5,315,17,7,1,"2011-11-09 08:04:50.0"
1386,"statsmodels","statsmodels","Python",223,4,33,29,3,21,592,96,27,3,"2013-03-03 08:04:50.0"
1386,"statsmodels","statsmodels","Python",224,-12,4,3,1,6,326,19,3,1,"2011-12-09 08:04:50.0"
1386,"statsmodels","statsmodels","Python",225,5,39,35,10,22,600,104,32,8,"2013-04-02 08:04:50.0"
1386,"statsmodels","statsmodels","Python",226,6,37,32,6,23,610,115,32,6,"2013-05-02 08:04:50.0"
1386,"statsmodels","statsmodels","Python",227,7,33,29,6,24,615,124,24,3,"2013-06-01 08:04:50.0"
1386,"statsmodels","statsmodels","Python",228,8,63,55,10,25,620,136,53,8,"2013-07-01 08:04:50.0"
1386,"statsmodels","statsmodels","Python",229,-14,20,14,3,4,296,13,15,3,"2011-10-10 08:04:50.0"
1386,"statsmodels","statsmodels","Python",230,-10,4,2,1,8,350,21,2,1,"2012-02-07 08:04:50.0"
1386,"statsmodels","statsmodels","Python",231,9,37,29,9,26,624,146,30,8,"2013-07-31 08:04:50.0"
1386,"statsmodels","statsmodels","Python",232,10,26,21,5,27,628,153,20,4,"2013-08-30 08:04:50.0"
3719,"flot","flot","JavaScript",985,-4,13,3,1,22,1338,261,1,0,"2012-11-16 06:48:51.0"
3719,"flot","flot","JavaScript",986,-5,763,755,560,21,1328,218,757,559,"2012-10-17 06:48:51.0"
3719,"flot","flot","JavaScript",987,-3,19,7,3,23,1435,311,6,1,"2012-12-16 06:48:51.0"
3719,"flot","flot","JavaScript",988,-22,2,0,0,4,642,13,0,0,"2011-05-26 06:48:51.0"
3719,"flot","flot","JavaScript",989,-8,2,0,0,18,1138,128,0,0,"2012-07-19 06:48:51.0"
3719,"flot","flot","JavaScript",990,-15,2,0,0,11,755,53,0,0,"2011-12-22 06:48:51.0"
3719,"flot","flot","JavaScript",991,-16,1,0,0,10,741,46,0,0,"2011-11-22 06:48:51.0"
3719,"flot","flot","JavaScript",992,-18,2,0,0,8,714,34,0,0,"2011-09-23 06:48:51.0"
3719,"flot","flot","JavaScript",993,-20,1,0,0,6,696,24,0,0,"2011-07-25 06:48:51.0"
3719,"flot","flot","JavaScript",994,-2,9,5,2,24,1489,333,2,0,"2013-01-15 06:48:51.0"
3719,"flot","flot","JavaScript",995,-1,13,1,0,25,1493,379,2,0,"2013-02-14 06:48:51.0"
3719,"flot","flot","JavaScript",996,1,22,13,5,26,1494,425,5,3,"2013-03-16 06:48:51.0"
3719,"flot","flot","JavaScript",997,2,20,14,7,27,1495,469,0,0,"2013-04-15 06:48:51.0"
3719,"flot","flot","JavaScript",998,3,17,8,2,28,1495,502,1,0,"2013-05-15 06:48:51.0"
3719,"flot","flot","JavaScript",999,4,17,6,3,29,1496,526,0,0,"2013-06-14 06:48:51.0"
3719,"flot","flot","JavaScript",1000,5,9,7,4,30,1496,554,0,0,"2013-07-14 06:48:51.0"
3719,"flot","flot","JavaScript",1001,6,12,12,2,31,1497,584,0,0,"2013-08-13 06:48:51.0"
3719,"flot","flot","JavaScript",1002,7,14,8,4,32,1498,619,0,0,"2013-09-12 06:48:51.0"
3719,"flot","flot","JavaScript",1003,8,11,3,1,33,1498,651,2,0,"2013-10-12 06:48:51.0"
3719,"flot","flot","JavaScript",1004,9,12,6,1,34,1498,687,3,1,"2013-11-11 06:48:51.0"
3719,"flot","flot","JavaScript",1005,10,10,7,4,35,1498,729,1,0,"2013-12-11 06:48:51.0"
3719,"flot","flot","JavaScript",1006,11,8,7,1,36,1498,756,2,0,"2014-01-10 06:48:51.0"
3719,"flot","flot","JavaScript",1007,12,11,4,2,37,1498,784,0,0,"2014-02-09 06:48:51.0"
3719,"flot","flot","JavaScript",1008,13,9,4,1,38,1498,817,0,0,"2014-03-11 06:48:51.0"
3719,"flot","flot","JavaScript",1009,14,14,7,2,39,1499,853,1,1,"2014-04-10 06:48:51.0"
3719,"flot","flot","JavaScript",1010,15,13,6,1,40,1535,872,1,1,"2014-05-10 06:48:51.0"
3719,"flot","flot","JavaScript",1011,16,12,6,1,41,1599,880,2,0,"2014-06-09 06:48:51.0"
3719,"flot","flot","JavaScript",1012,17,7,0,0,42,1695,882,0,0,"2014-07-09 06:48:51.0"
3719,"flot","flot","JavaScript",1013,18,8,0,0,43,1784,883,0,0,"2014-08-08 06:48:51.0"
3719,"flot","flot","JavaScript",1014,19,2,0,0,44,1882,886,0,0,"2014-09-07 06:48:51.0"
3719,"flot","flot","JavaScript",1015,20,12,0,0,45,1947,892,0,0,"2014-10-07 06:48:51.0"
3719,"flot","flot","JavaScript",1016,21,6,0,0,46,2038,897,0,0,"2014-11-06 06:48:51.0"
3918,"mrjob","Yelp","Python",583,-2,4,0,0,26,1060,95,1,0,"2012-12-01 09:35:21.0"
3918,"mrjob","Yelp","Python",584,-4,5,4,1,24,1031,86,4,0,"2012-10-02 09:35:21.0"
3918,"mrjob","Yelp","Python",585,-5,16,14,4,23,1014,82,9,1,"2012-09-02 09:35:21.0"
3918,"mrjob","Yelp","Python",586,-6,4,4,0,22,996,79,3,0,"2012-08-03 09:35:21.0"
3918,"mrjob","Yelp","Python",587,-7,14,12,4,21,968,71,11,4,"2012-07-04 09:35:21.0"
3918,"mrjob","Yelp","Python",588,-8,14,14,3,20,938,68,11,1,"2012-06-04 09:35:21.0"
3918,"mrjob","Yelp","Python",589,-9,8,8,3,19,904,64,7,2,"2012-05-05 09:35:21.0"
3918,"mrjob","Yelp","Python",590,-10,20,20,4,18,881,61,18,4,"2012-04-05 09:35:21.0"
3918,"mrjob","Yelp","Python",591,-11,22,16,6,17,849,52,14,6,"2012-03-06 09:35:21.0"
3918,"mrjob","Yelp","Python",592,-12,18,15,6,16,795,49,14,6,"2012-02-05 09:35:21.0"
3918,"mrjob","Yelp","Python",593,-13,9,9,5,15,764,45,8,4,"2012-01-06 09:35:21.0"
3918,"mrjob","Yelp","Python",594,-14,28,26,11,14,749,45,23,8,"2011-12-07 09:35:21.0"
3918,"mrjob","Yelp","Python",595,-15,37,34,7,13,733,41,33,7,"2011-11-07 09:35:21.0"
3918,"mrjob","Yelp","Python",596,-16,10,10,0,12,722,38,9,0,"2011-10-08 09:35:21.0"
3918,"mrjob","Yelp","Python",597,-17,9,5,1,11,698,35,6,1,"2011-09-08 09:35:21.0"
3918,"mrjob","Yelp","Python",598,-18,3,3,1,10,683,34,2,0,"2011-08-09 09:35:21.0"
3918,"mrjob","Yelp","Python",599,-19,9,9,2,9,666,34,9,2,"2011-07-10 09:35:21.0"
3918,"mrjob","Yelp","Python",600,-20,10,9,0,8,649,29,10,0,"2011-06-10 09:35:21.0"
3918,"mrjob","Yelp","Python",601,-21,10,9,3,7,630,25,8,2,"2011-05-11 09:35:21.0"
3918,"mrjob","Yelp","Python",602,-23,5,5,0,5,590,18,4,0,"2011-03-12 09:35:21.0"
3918,"mrjob","Yelp","Python",603,-25,4,4,1,3,547,15,2,1,"2011-01-11 09:35:21.0"
3918,"mrjob","Yelp","Python",604,-27,17,17,4,1,517,10,16,3,"2010-11-12 09:35:21.0"
3918,"mrjob","Yelp","Python",605,-28,39,39,9,1,517,10,39,9,"2010-11-12 09:35:21.0"
3918,"mrjob","Yelp","Python",606,-22,2,2,0,7,630,25,1,0,"2011-05-11 09:35:21.0"
3918,"mrjob","Yelp","Python",607,-24,7,7,3,4,566,18,6,2,"2011-02-10 09:35:21.0"
3918,"mrjob","Yelp","Python",608,-26,6,6,0,2,531,11,6,0,"2010-12-12 09:35:21.0"
3918,"mrjob","Yelp","Python",609,-1,4,0,0,28,1101,106,3,0,"2013-01-30 09:35:21.0"
3918,"mrjob","Yelp","Python",610,1,4,2,1,28,1101,106,1,1,"2013-01-30 09:35:21.0"
3918,"mrjob","Yelp","Python",611,2,5,2,2,29,1105,114,4,1,"2013-03-01 09:35:21.0"
3918,"mrjob","Yelp","Python",612,3,6,5,3,30,1117,131,1,0,"2013-03-31 09:35:21.0"
3918,"mrjob","Yelp","Python",613,4,7,3,2,31,1125,147,2,0,"2013-04-30 09:35:21.0"
3918,"mrjob","Yelp","Python",614,5,4,3,1,33,1133,172,1,0,"2013-06-29 09:35:21.0"
3918,"mrjob","Yelp","Python",615,6,17,13,1,33,1133,172,15,1,"2013-06-29 09:35:21.0"
3918,"mrjob","Yelp","Python",616,7,18,15,2,34,1136,182,15,2,"2013-07-29 09:35:21.0"
3918,"mrjob","Yelp","Python",617,8,35,32,4,35,1138,192,33,4,"2013-08-28 09:35:21.0"
3918,"mrjob","Yelp","Python",618,9,23,20,3,36,1142,201,18,1,"2013-09-27 09:35:21.0"
3918,"mrjob","Yelp","Python",619,10,17,13,2,37,1146,212,15,2,"2013-10-27 09:35:21.0"
3918,"mrjob","Yelp","Python",620,11,13,9,1,38,1150,225,11,1,"2013-11-26 09:35:21.0"
3918,"mrjob","Yelp","Python",621,12,10,7,3,39,1155,236,5,0,"2013-12-26 09:35:21.0"
3918,"mrjob","Yelp","Python",622,13,7,5,2,40,1159,250,6,2,"2014-01-25 09:35:21.0"
3918,"mrjob","Yelp","Python",623,14,9,2,1,41,1159,258,2,0,"2014-02-24 09:35:21.0"
3918,"mrjob","Yelp","Python",624,15,7,1,0,42,1159,266,1,0,"2014-03-26 09:35:21.0"
3918,"mrjob","Yelp","Python",625,16,7,0,0,43,1173,274,1,0,"2014-04-25 09:35:21.0"
3918,"mrjob","Yelp","Python",626,17,3,0,0,44,1179,286,1,0,"2014-05-25 09:35:21.0"
3918,"mrjob","Yelp","Python",627,18,6,0,0,45,1230,290,1,0,"2014-06-24 09:35:21.0"
3918,"mrjob","Yelp","Python",628,19,8,0,0,46,1265,292,0,0,"2014-07-24 09:35:21.0"
3918,"mrjob","Yelp","Python",629,20,4,0,0,47,1294,295,0,0,"2014-08-23 09:35:21.0"
3918,"mrjob","Yelp","Python",630,22,2,0,0,49,1338,298,0,0,"2014-10-22 09:35:21.0"
6368,"kuma","mozilla","Python",5,-17,1,0,0,21,303,48,0,0,"2012-11-01 12:48:06.0"
6368,"kuma","mozilla","Python",1,-2,27,26,8,35,336,203,26,8,"2013-12-26 12:48:06.0"
6368,"kuma","mozilla","Python",2,-22,1,0,0,15,230,12,0,0,"2012-05-05 12:48:06.0"
6368,"kuma","mozilla","Python",3,-19,1,0,0,18,272,23,0,0,"2012-08-03 12:48:06.0"
6368,"kuma","mozilla","Python",4,-18,2,0,0,20,300,36,0,0,"2012-10-02 12:48:06.0"
6368,"kuma","mozilla","Python",7,1,17,14,2,37,336,241,16,2,"2014-02-24 12:48:06.0"
6368,"kuma","mozilla","Python",8,2,16,11,2,38,336,265,13,1,"2014-03-26 12:48:06.0"
6368,"kuma","mozilla","Python",9,3,7,4,0,39,342,280,4,0,"2014-04-25 12:48:06.0"
6368,"kuma","mozilla","Python",6,-1,18,13,4,36,336,218,17,4,"2014-01-25 12:48:06.0"
6368,"kuma","mozilla","Python",11,5,19,16,6,41,368,288,17,6,"2014-06-24 12:48:06.0"
6368,"kuma","mozilla","Python",12,7,3,0,0,43,401,294,0,0,"2014-08-23 12:48:06.0"
6368,"kuma","mozilla","Python",10,4,5,5,3,40,359,287,5,3,"2014-05-25 12:48:06.0"
7106,"wdntemplates","unl","JavaScript",550,-16,1,0,0,13,11,8,0,0,"2012-12-09 06:19:04.0"
7106,"wdntemplates","unl","JavaScript",551,-17,8,4,0,11,11,8,6,0,"2012-10-10 06:19:04.0"
7106,"wdntemplates","unl","JavaScript",552,-18,6,3,2,10,11,8,4,2,"2012-09-10 06:19:04.0"
7106,"wdntemplates","unl","JavaScript",553,-19,6,3,2,9,11,8,3,1,"2012-08-11 06:19:04.0"
7106,"wdntemplates","unl","JavaScript",554,-20,6,3,1,8,11,7,4,1,"2012-07-12 06:19:04.0"
7106,"wdntemplates","unl","JavaScript",555,-24,34,29,4,4,7,5,34,4,"2012-03-14 06:19:04.0"
7106,"wdntemplates","unl","JavaScript",556,-28,151,150,32,1,7,3,151,32,"2011-12-15 06:19:04.0"
7106,"wdntemplates","unl","JavaScript",557,-21,3,3,2,7,9,5,3,2,"2012-06-12 06:19:04.0"
7106,"wdntemplates","unl","JavaScript",558,-22,4,4,1,6,9,5,4,1,"2012-05-13 06:19:04.0"
7106,"wdntemplates","unl","JavaScript",559,-23,3,0,0,5,7,5,3,0,"2012-04-13 06:19:04.0"
7106,"wdntemplates","unl","JavaScript",560,-25,18,13,1,3,7,4,17,1,"2012-02-13 06:19:04.0"
7106,"wdntemplates","unl","JavaScript",561,-26,7,5,0,2,7,3,7,0,"2012-01-14 06:19:04.0"
7106,"wdntemplates","unl","JavaScript",562,-27,6,6,2,1,7,3,6,2,"2011-12-15 06:19:04.0"
7106,"wdntemplates","unl","JavaScript",563,-15,6,3,0,13,11,8,4,0,"2012-12-09 06:19:04.0"
7106,"wdntemplates","unl","JavaScript",564,-14,4,1,0,14,11,9,2,0,"2013-01-08 06:19:04.0"
7106,"wdntemplates","unl","JavaScript",565,-13,2,2,0,15,11,9,2,0,"2013-02-07 06:19:04.0"
7106,"wdntemplates","unl","JavaScript",566,-12,5,4,1,16,11,9,5,1,"2013-03-09 06:19:04.0"
7106,"wdntemplates","unl","JavaScript",567,-11,4,2,0,17,11,9,1,0,"2013-04-08 06:19:04.0"
7106,"wdntemplates","unl","JavaScript",568,-10,3,1,0,18,11,9,3,0,"2013-05-08 06:19:04.0"
7106,"wdntemplates","unl","JavaScript",569,-9,49,32,0,19,11,10,47,0,"2013-06-07 06:19:04.0"
7106,"wdntemplates","unl","JavaScript",570,-8,8,8,2,20,11,13,8,2,"2013-07-07 06:19:04.0"
7106,"wdntemplates","unl","JavaScript",571,-7,6,4,0,21,11,14,4,0,"2013-08-06 06:19:04.0"
7106,"wdntemplates","unl","JavaScript",572,-6,2,1,0,23,11,16,2,0,"2013-10-05 06:19:04.0"
7106,"wdntemplates","unl","JavaScript",573,-5,14,13,3,24,11,16,14,3,"2013-11-04 06:19:04.0"
7106,"wdntemplates","unl","JavaScript",574,-4,4,3,3,24,11,16,4,3,"2013-11-04 06:19:04.0"
7106,"wdntemplates","unl","JavaScript",575,-3,9,7,3,25,11,16,8,3,"2013-12-04 06:19:04.0"
7106,"wdntemplates","unl","JavaScript",576,1,8,7,0,28,13,16,8,0,"2014-03-04 06:19:04.0"
7106,"wdntemplates","unl","JavaScript",577,2,3,3,0,30,13,19,3,0,"2014-05-03 06:19:04.0"
7106,"wdntemplates","unl","JavaScript",578,4,3,3,1,31,14,19,2,1,"2014-06-02 06:19:04.0"
7106,"wdntemplates","unl","JavaScript",579,5,1,1,0,33,15,19,1,0,"2014-08-01 06:19:04.0"
7106,"wdntemplates","unl","JavaScript",580,6,4,1,0,33,15,19,4,0,"2014-08-01 06:19:04.0"
7106,"wdntemplates","unl","JavaScript",581,8,1,1,0,35,15,19,1,0,"2014-09-30 06:19:04.0"
7106,"wdntemplates","unl","JavaScript",582,9,1,0,0,36,15,19,1,0,"2014-10-30 06:19:04.0"
9459,"cas","Jasig","Java",362,-15,1,0,0,11,272,51,0,0,"2012-08-03 16:36:42.0"
9459,"cas","Jasig","Java",363,-16,1,0,0,9,242,37,0,0,"2012-06-04 16:36:42.0"
9459,"cas","Jasig","Java",364,-17,1,0,0,9,242,37,0,0,"2012-06-04 16:36:42.0"
9459,"cas","Jasig","Java",365,-18,1,0,0,7,216,31,0,0,"2012-04-05 16:36:42.0"
9459,"cas","Jasig","Java",366,-24,1,0,0,2,161,10,0,0,"2011-11-07 16:36:42.0"
9459,"cas","Jasig","Java",367,-25,1,0,0,1,152,7,0,0,"2011-10-08 16:36:42.0"
9459,"cas","Jasig","Java",368,-10,2,0,0,16,312,86,0,0,"2012-12-31 16:36:42.0"
9459,"cas","Jasig","Java",369,-9,2,0,0,17,319,91,0,0,"2013-01-30 16:36:42.0"
9459,"cas","Jasig","Java",370,-7,1,0,0,19,329,109,0,0,"2013-03-31 16:36:42.0"
9459,"cas","Jasig","Java",371,-5,1,0,0,21,335,128,0,0,"2013-05-30 16:36:42.0"
9459,"cas","Jasig","Java",372,-4,3,0,0,21,335,128,0,0,"2013-05-30 16:36:42.0"
9459,"cas","Jasig","Java",373,-3,2,0,0,22,337,135,0,0,"2013-06-29 16:36:42.0"
9459,"cas","Jasig","Java",374,11,165,156,40,35,391,268,149,36,"2014-07-24 16:36:42.0"
9459,"cas","Jasig","Java",375,12,14,10,3,36,412,272,11,2,"2014-08-23 16:36:42.0"
9459,"cas","Jasig","Java",376,13,11,9,2,37,433,275,6,0,"2014-09-22 16:36:42.0"
9459,"cas","Jasig","Java",377,14,12,4,1,38,451,279,6,1,"2014-10-22 16:36:42.0"
13347,"orbisgis","irstv","Java",505,-17,38,38,16,4,8,7,38,16,"2012-10-18 21:59:24.0"
13347,"orbisgis","irstv","Java",506,-16,7,7,2,5,8,7,7,2,"2012-11-17 21:59:24.0"
13347,"orbisgis","irstv","Java",507,-18,4,4,2,3,8,6,4,2,"2012-09-18 21:59:24.0"
13347,"orbisgis","irstv","Java",508,-20,33,33,15,1,8,6,33,15,"2012-07-20 21:59:24.0"
13347,"orbisgis","irstv","Java",509,-21,2,2,1,1,8,6,2,1,"2012-07-20 21:59:24.0"
13347,"orbisgis","irstv","Java",510,-15,3,3,1,6,8,8,3,1,"2012-12-17 21:59:24.0"
13347,"orbisgis","irstv","Java",511,-14,4,3,0,7,8,8,4,0,"2013-01-16 21:59:24.0"
13347,"orbisgis","irstv","Java",512,-13,8,5,1,8,8,8,8,1,"2013-02-15 21:59:24.0"
13347,"orbisgis","irstv","Java",513,-12,44,42,10,9,9,8,43,9,"2013-03-17 21:59:24.0"
13347,"orbisgis","irstv","Java",514,-11,29,24,5,10,9,8,29,5,"2013-04-16 21:59:24.0"
13347,"orbisgis","irstv","Java",515,-10,2,2,1,11,9,9,1,1,"2013-05-16 21:59:24.0"
13347,"orbisgis","irstv","Java",516,-9,23,15,5,12,9,9,22,5,"2013-06-15 21:59:24.0"
13347,"orbisgis","irstv","Java",517,-8,19,12,5,13,9,9,19,5,"2013-07-15 21:59:24.0"
13347,"orbisgis","irstv","Java",518,-7,10,3,3,14,10,9,10,3,"2013-08-14 21:59:24.0"
13347,"orbisgis","irstv","Java",519,-6,11,4,1,15,10,9,11,1,"2013-09-13 21:59:24.0"
13347,"orbisgis","irstv","Java",520,-5,22,11,1,16,11,9,22,1,"2013-10-13 21:59:24.0"
13347,"orbisgis","irstv","Java",521,-4,7,5,4,17,11,9,7,4,"2013-11-12 21:59:24.0"
13347,"orbisgis","irstv","Java",522,-3,1,0,0,18,11,9,1,0,"2013-12-12 21:59:24.0"
13347,"orbisgis","irstv","Java",523,-2,1,1,1,19,11,9,1,1,"2014-01-11 21:59:24.0"
13347,"orbisgis","irstv","Java",524,1,5,4,0,21,12,11,3,0,"2014-03-12 21:59:24.0"
13347,"orbisgis","irstv","Java",525,2,2,2,2,22,13,11,2,2,"2014-04-11 21:59:24.0"
13347,"orbisgis","irstv","Java",526,3,13,2,0,23,13,11,7,0,"2014-05-11 21:59:24.0"
13347,"orbisgis","irstv","Java",527,4,6,5,0,24,13,11,5,0,"2014-06-10 21:59:24.0"
13347,"orbisgis","irstv","Java",528,5,10,1,1,25,14,11,2,1,"2014-07-10 21:59:24.0"
13347,"orbisgis","irstv","Java",529,7,7,7,1,27,14,11,7,1,"2014-09-08 21:59:24.0"
13347,"orbisgis","irstv","Java",530,8,2,2,0,28,14,11,2,0,"2014-10-08 21:59:24.0"
13347,"orbisgis","irstv","Java",531,-1,1,0,0,21,12,11,1,0,"2014-03-12 21:59:24.0"
13347,"orbisgis","irstv","Java",532,9,1,0,0,29,14,11,0,0,"2014-11-07 21:59:24.0"
17635,"rSENSE","isenseDev","Ruby",113,4,51,48,22,17,5,10,35,16,"2013-12-24 06:49:35.0"
17635,"rSENSE","isenseDev","Ruby",112,3,35,35,23,16,5,10,33,22,"2013-11-24 06:49:35.0"
17635,"rSENSE","isenseDev","Ruby",99,-9,4,2,0,5,1,6,3,0,"2012-12-29 06:49:35.0"
17635,"rSENSE","isenseDev","Ruby",114,5,62,59,35,18,6,11,52,28,"2014-01-23 06:49:35.0"
17635,"rSENSE","isenseDev","Ruby",115,6,22,22,5,19,6,13,20,5,"2014-02-22 06:49:35.0"
17635,"rSENSE","isenseDev","Ruby",116,7,26,22,5,20,6,13,22,5,"2014-03-24 06:49:35.0"
17635,"rSENSE","isenseDev","Ruby",117,8,22,20,8,21,6,13,18,8,"2014-04-23 06:49:35.0"
17635,"rSENSE","isenseDev","Ruby",118,9,28,23,13,22,6,14,20,10,"2014-05-23 06:49:35.0"
17635,"rSENSE","isenseDev","Ruby",119,10,31,20,8,23,7,14,25,8,"2014-06-22 06:49:35.0"
17635,"rSENSE","isenseDev","Ruby",120,11,29,20,9,24,7,15,24,7,"2014-07-22 06:49:35.0"
17635,"rSENSE","isenseDev","Ruby",121,12,31,19,13,25,8,15,20,10,"2014-08-21 06:49:35.0"
17635,"rSENSE","isenseDev","Ruby",122,13,17,16,9,26,8,15,14,8,"2014-09-20 06:49:35.0"
17635,"rSENSE","isenseDev","Ruby",123,14,10,4,4,27,8,15,4,2,"2014-10-20 06:49:35.0"
17635,"rSENSE","isenseDev","Ruby",124,15,1,0,0,28,8,15,0,0,"2014-11-19 06:49:35.0"
17635,"rSENSE","isenseDev","Ruby",111,2,61,58,30,15,5,10,54,28,"2013-10-25 06:49:35.0"
17635,"rSENSE","isenseDev","Ruby",103,-6,19,19,11,8,1,6,19,11,"2013-03-29 06:49:35.0"
17635,"rSENSE","isenseDev","Ruby",100,-8,3,0,0,6,1,6,3,0,"2013-01-28 06:49:35.0"
17635,"rSENSE","isenseDev","Ruby",101,-12,10,6,0,3,1,4,10,0,"2012-10-30 06:49:35.0"
17635,"rSENSE","isenseDev","Ruby",102,-7,2,2,0,7,1,6,0,0,"2013-02-27 06:49:35.0"
17635,"rSENSE","isenseDev","Ruby",107,-3,8,4,2,11,2,8,8,2,"2013-06-27 06:49:35.0"
17635,"rSENSE","isenseDev","Ruby",104,-5,9,5,4,9,1,8,9,4,"2013-04-28 06:49:35.0"
17635,"rSENSE","isenseDev","Ruby",105,-4,22,8,4,10,2,8,22,4,"2013-05-28 06:49:35.0"
17635,"rSENSE","isenseDev","Ruby",106,-11,4,2,0,3,1,4,2,0,"2012-10-30 06:49:35.0"
17635,"rSENSE","isenseDev","Ruby",108,-2,38,37,23,12,2,8,38,23,"2013-07-27 06:49:35.0"
17635,"rSENSE","isenseDev","Ruby",109,-1,80,76,41,13,5,8,52,31,"2013-08-26 06:49:35.0"
17635,"rSENSE","isenseDev","Ruby",110,1,75,69,40,14,5,10,57,31,"2013-09-25 06:49:35.0"
28376,"qupzilla","QupZilla","C++",631,-16,13,12,1,20,226,41,0,0,"2012-10-14 07:37:27.0"
28376,"qupzilla","QupZilla","C++",632,-15,32,17,3,21,231,44,2,2,"2012-11-13 07:37:27.0"
28376,"qupzilla","QupZilla","C++",633,-17,26,25,0,19,219,38,0,0,"2012-09-14 07:37:27.0"
28376,"qupzilla","QupZilla","C++",634,-18,37,37,7,18,212,35,6,1,"2012-08-15 07:37:27.0"
28376,"qupzilla","QupZilla","C++",635,-19,41,41,8,17,197,31,2,0,"2012-07-16 07:37:27.0"
28376,"qupzilla","QupZilla","C++",636,-20,21,20,1,16,185,27,1,1,"2012-06-16 07:37:27.0"
28376,"qupzilla","QupZilla","C++",637,-22,16,15,0,15,175,27,0,0,"2012-05-17 07:37:27.0"
28376,"qupzilla","QupZilla","C++",638,-23,46,37,5,13,157,20,2,0,"2012-03-18 07:37:27.0"
28376,"qupzilla","QupZilla","C++",639,-25,43,41,9,11,139,9,9,2,"2012-01-18 07:37:27.0"
28376,"qupzilla","QupZilla","C++",640,-26,80,74,15,10,132,4,9,2,"2011-12-19 07:37:27.0"
28376,"qupzilla","QupZilla","C++",641,-21,7,7,2,15,175,27,0,0,"2012-05-17 07:37:27.0"
28376,"qupzilla","QupZilla","C++",642,-24,34,30,4,12,144,15,3,1,"2012-02-17 07:37:27.0"
28376,"qupzilla","QupZilla","C++",643,-27,12,12,2,10,132,4,5,2,"2011-12-19 07:37:27.0"
28376,"qupzilla","QupZilla","C++",644,-28,23,23,6,8,117,0,9,3,"2011-10-20 07:37:27.0"
28376,"qupzilla","QupZilla","C++",645,-29,9,8,2,8,117,0,2,0,"2011-10-20 07:37:27.0"
28376,"qupzilla","QupZilla","C++",646,-14,14,10,4,22,236,46,3,1,"2012-12-13 07:37:27.0"
28376,"qupzilla","QupZilla","C++",647,-13,30,24,6,23,243,48,5,0,"2013-01-12 07:37:27.0"
28376,"qupzilla","QupZilla","C++",648,-12,27,24,4,24,245,53,3,2,"2013-02-11 07:37:27.0"
28376,"qupzilla","QupZilla","C++",649,-11,48,32,4,25,249,59,2,1,"2013-03-13 07:37:27.0"
28376,"qupzilla","QupZilla","C++",650,-10,37,17,0,26,254,60,1,0,"2013-04-12 07:37:27.0"
28376,"qupzilla","QupZilla","C++",651,-9,51,14,0,27,257,66,3,0,"2013-05-12 07:37:27.0"
28376,"qupzilla","QupZilla","C++",652,-8,37,23,2,28,259,70,0,0,"2013-06-11 07:37:27.0"
28376,"qupzilla","QupZilla","C++",653,-7,17,17,1,29,265,75,0,0,"2013-07-11 07:37:27.0"
28376,"qupzilla","QupZilla","C++",654,-6,23,17,3,30,267,83,1,0,"2013-08-10 07:37:27.0"
28376,"qupzilla","QupZilla","C++",655,-5,38,37,5,31,270,86,0,0,"2013-09-09 07:37:27.0"
28376,"qupzilla","QupZilla","C++",656,-4,23,21,1,32,272,88,1,0,"2013-10-09 07:37:27.0"
28376,"qupzilla","QupZilla","C++",657,-3,20,16,3,33,273,89,0,0,"2013-11-08 07:37:27.0"
28376,"qupzilla","QupZilla","C++",658,-2,22,14,2,34,276,92,1,0,"2013-12-08 07:37:27.0"
28376,"qupzilla","QupZilla","C++",659,-1,60,49,3,35,278,95,0,0,"2014-01-07 07:37:27.0"
28376,"qupzilla","QupZilla","C++",660,1,48,36,4,36,281,108,3,1,"2014-02-06 07:37:27.0"
28376,"qupzilla","QupZilla","C++",661,2,22,18,3,37,281,113,0,0,"2014-03-08 07:37:27.0"
28376,"qupzilla","QupZilla","C++",662,3,40,33,9,38,281,115,0,0,"2014-04-07 07:37:27.0"
28376,"qupzilla","QupZilla","C++",663,4,52,35,3,39,292,121,7,1,"2014-05-07 07:37:27.0"
28376,"qupzilla","QupZilla","C++",664,5,22,12,2,40,304,124,0,0,"2014-06-06 07:37:27.0"
28376,"qupzilla","QupZilla","C++",665,6,21,9,3,41,307,127,0,0,"2014-07-06 07:37:27.0"
28376,"qupzilla","QupZilla","C++",666,7,10,5,1,42,318,130,1,0,"2014-08-05 07:37:27.0"
28376,"qupzilla","QupZilla","C++",667,8,21,16,4,43,338,132,1,1,"2014-09-04 07:37:27.0"
28376,"qupzilla","QupZilla","C++",668,9,29,15,3,44,349,133,0,0,"2014-10-04 07:37:27.0"
28376,"qupzilla","QupZilla","C++",669,10,11,4,1,45,362,133,0,0,"2014-11-03 07:37:27.0"
31723,"scipy","scipy","Python",46,10,51,35,20,36,1042,567,17,10,"2014-02-21 09:52:03.0"
31723,"scipy","scipy","Python",35,-1,43,8,5,26,988,295,16,3,"2013-04-27 09:52:03.0"
31723,"scipy","scipy","Python",36,-2,2424,2244,1651,26,988,295,0,0,"2013-04-27 09:52:03.0"
31723,"scipy","scipy","Python",37,1,42,21,11,28,1002,354,11,4,"2013-06-26 09:52:03.0"
31723,"scipy","scipy","Python",38,2,30,21,14,28,1002,354,5,3,"2013-06-26 09:52:03.0"
31723,"scipy","scipy","Python",39,3,38,36,28,30,1016,409,17,13,"2013-08-25 09:52:03.0"
31723,"scipy","scipy","Python",40,4,54,44,33,30,1016,409,23,12,"2013-08-25 09:52:03.0"
31723,"scipy","scipy","Python",41,5,47,36,21,31,1019,437,12,9,"2013-09-24 09:52:03.0"
31723,"scipy","scipy","Python",42,6,31,18,13,32,1029,460,8,5,"2013-10-24 09:52:03.0"
31723,"scipy","scipy","Python",43,7,31,18,7,34,1034,510,7,2,"2013-12-23 09:52:03.0"
31723,"scipy","scipy","Python",44,8,26,15,5,35,1035,537,7,1,"2014-01-22 09:52:03.0"
31723,"scipy","scipy","Python",45,9,53,31,15,35,1035,537,17,6,"2014-01-22 09:52:03.0"
31723,"scipy","scipy","Python",49,13,36,19,12,39,1070,656,7,2,"2014-05-22 09:52:03.0"
31723,"scipy","scipy","Python",50,14,34,15,10,40,1101,664,6,1,"2014-06-21 09:52:03.0"
31723,"scipy","scipy","Python",47,11,51,20,12,37,1043,608,6,4,"2014-03-23 09:52:03.0"
31723,"scipy","scipy","Python",48,12,53,34,21,39,1070,656,12,5,"2014-05-22 09:52:03.0"
31723,"scipy","scipy","Python",53,17,38,9,4,43,1233,696,7,1,"2014-09-19 09:52:03.0"
31723,"scipy","scipy","Python",54,18,20,1,0,44,1255,702,3,0,"2014-10-19 09:52:03.0"
31723,"scipy","scipy","Python",51,15,41,17,9,41,1140,672,7,1,"2014-07-21 09:52:03.0"
31723,"scipy","scipy","Python",52,16,31,24,10,43,1233,696,16,4,"2014-09-19 09:52:03.0"
43061,"supercollider","supercollider","C++",939,-20,28,22,13,6,208,23,12,5,"2012-10-31 10:24:51.0"
43061,"supercollider","supercollider","C++",940,-21,81,76,31,5,204,21,50,28,"2012-10-01 10:24:51.0"
43061,"supercollider","supercollider","C++",941,-26,336,331,266,1,158,5,308,261,"2012-06-03 10:24:51.0"
43061,"supercollider","supercollider","C++",942,-22,92,87,51,4,198,19,71,41,"2012-09-01 10:24:51.0"
43061,"supercollider","supercollider","C++",943,-23,87,81,30,4,198,19,66,22,"2012-09-01 10:24:51.0"
43061,"supercollider","supercollider","C++",944,-24,18,16,5,2,177,6,12,3,"2012-07-03 10:24:51.0"
43061,"supercollider","supercollider","C++",945,-25,5,4,3,1,158,5,2,2,"2012-06-03 10:24:51.0"
43061,"supercollider","supercollider","C++",946,-19,32,20,12,7,213,26,11,5,"2012-11-30 10:24:51.0"
43061,"supercollider","supercollider","C++",947,-18,14,10,6,8,225,31,4,3,"2012-12-30 10:24:51.0"
43061,"supercollider","supercollider","C++",948,-17,18,10,6,10,238,36,8,4,"2013-02-28 10:24:51.0"
43061,"supercollider","supercollider","C++",949,-16,39,16,9,10,238,36,16,8,"2013-02-28 10:24:51.0"
43061,"supercollider","supercollider","C++",950,-15,23,14,4,11,239,45,7,1,"2013-03-30 10:24:51.0"
43061,"supercollider","supercollider","C++",951,-14,18,5,3,12,243,51,10,2,"2013-04-29 10:24:51.0"
43061,"supercollider","supercollider","C++",952,-13,22,13,6,13,245,56,7,5,"2013-05-29 10:24:51.0"
43061,"supercollider","supercollider","C++",953,-12,29,22,17,14,246,59,17,15,"2013-06-28 10:24:51.0"
43061,"supercollider","supercollider","C++",954,-11,13,6,6,15,247,66,5,5,"2013-07-28 10:24:51.0"
43061,"supercollider","supercollider","C++",955,-10,10,4,2,17,250,73,3,2,"2013-09-26 10:24:51.0"
43061,"supercollider","supercollider","C++",956,-9,13,8,6,17,250,73,9,6,"2013-09-26 10:24:51.0"
43061,"supercollider","supercollider","C++",957,-8,7,2,2,18,251,75,4,1,"2013-10-26 10:24:51.0"
43061,"supercollider","supercollider","C++",958,-7,8,0,0,19,252,78,1,0,"2013-11-25 10:24:51.0"
43061,"supercollider","supercollider","C++",959,-6,5,2,1,21,256,86,1,1,"2014-01-24 10:24:51.0"
43061,"supercollider","supercollider","C++",960,-5,9,7,6,21,256,86,3,2,"2014-01-24 10:24:51.0"
43061,"supercollider","supercollider","C++",961,-4,17,12,11,23,256,98,10,7,"2014-03-25 10:24:51.0"
43061,"supercollider","supercollider","C++",962,-3,12,9,7,23,256,98,8,6,"2014-03-25 10:24:51.0"
43061,"supercollider","supercollider","C++",963,-2,14,9,8,25,267,106,4,3,"2014-05-24 10:24:51.0"
43061,"supercollider","supercollider","C++",964,-1,11,8,6,25,267,106,9,5,"2014-05-24 10:24:51.0"
43061,"supercollider","supercollider","C++",965,1,13,7,5,26,284,107,6,4,"2014-06-23 10:24:51.0"
43061,"supercollider","supercollider","C++",966,2,11,4,4,28,310,111,4,3,"2014-08-22 10:24:51.0"
43061,"supercollider","supercollider","C++",967,3,6,1,1,29,320,111,0,0,"2014-09-21 10:24:51.0"
43061,"supercollider","supercollider","C++",968,4,7,1,1,29,320,111,0,0,"2014-09-21 10:24:51.0"
43061,"supercollider","supercollider","C++",969,5,20,11,9,30,330,114,8,6,"2014-10-21 10:24:51.0"
44436,"Board3-Portal","board3","PHP",714,-10,2,2,0,22,10,2,2,0,"2013-01-23 00:54:40.0"
44436,"Board3-Portal","board3","PHP",715,-13,3,2,0,20,10,2,3,0,"2012-11-24 00:54:40.0"
44436,"Board3-Portal","board3","PHP",716,-9,4,1,1,24,10,2,3,1,"2013-03-24 00:54:40.0"
44436,"Board3-Portal","board3","PHP",717,-4,2,0,0,28,11,3,2,0,"2013-07-22 00:54:40.0"
44436,"Board3-Portal","board3","PHP",718,-3,1,0,0,30,11,3,1,0,"2013-09-20 00:54:40.0"
44436,"Board3-Portal","board3","PHP",719,-1,1,1,1,31,11,3,1,1,"2013-10-20 00:54:40.0"
44436,"Board3-Portal","board3","PHP",720,1,4,1,0,32,11,3,2,0,"2013-11-19 00:54:40.0"
44436,"Board3-Portal","board3","PHP",721,3,1,0,0,34,12,4,0,0,"2014-01-18 00:54:40.0"
44436,"Board3-Portal","board3","PHP",722,4,11,7,2,35,12,4,6,1,"2014-02-17 00:54:40.0"
44436,"Board3-Portal","board3","PHP",723,-17,2,0,0,16,10,2,2,0,"2012-07-27 00:54:40.0"
44436,"Board3-Portal","board3","PHP",724,6,13,9,3,37,12,4,6,3,"2014-04-18 00:54:40.0"
44436,"Board3-Portal","board3","PHP",725,8,7,7,4,39,12,4,6,3,"2014-06-17 00:54:40.0"
44436,"Board3-Portal","board3","PHP",726,9,25,22,6,40,12,4,21,4,"2014-07-17 00:54:40.0"
44436,"Board3-Portal","board3","PHP",727,10,21,21,11,41,12,4,17,7,"2014-08-16 00:54:40.0"
44436,"Board3-Portal","board3","PHP",728,11,6,6,3,42,12,5,5,2,"2014-09-15 00:54:40.0"
44436,"Board3-Portal","board3","PHP",729,13,1,1,0,44,12,5,1,0,"2014-11-14 00:54:40.0"
48706,"ESP-Website","learning-unlimited","Python",398,-11,43,30,10,13,43,28,38,10,"2012-11-18 05:30:31.0"
48706,"ESP-Website","learning-unlimited","Python",399,-16,8,8,2,8,40,18,8,2,"2012-06-21 05:30:31.0"
48706,"ESP-Website","learning-unlimited","Python",400,-13,5,4,0,11,43,20,5,0,"2012-09-19 05:30:31.0"
48706,"ESP-Website","learning-unlimited","Python",401,-12,21,13,5,12,43,23,16,5,"2012-10-19 05:30:31.0"
48706,"ESP-Website","learning-unlimited","Python",402,-19,35,15,1,5,30,8,29,1,"2012-03-23 05:30:31.0"
48706,"ESP-Website","learning-unlimited","Python",403,-15,11,10,0,9,40,19,1,0,"2012-07-21 05:30:31.0"
48706,"ESP-Website","learning-unlimited","Python",404,-17,1,1,0,7,39,17,1,0,"2012-05-22 05:30:31.0"
48706,"ESP-Website","learning-unlimited","Python",405,-18,16,11,4,6,38,17,16,4,"2012-04-22 05:30:31.0"
48706,"ESP-Website","learning-unlimited","Python",406,-20,10,6,2,4,28,4,10,2,"2012-02-22 05:30:31.0"
48706,"ESP-Website","learning-unlimited","Python",407,-21,28,27,7,3,27,4,27,7,"2012-01-23 05:30:31.0"
48706,"ESP-Website","learning-unlimited","Python",408,-22,25,18,0,2,26,4,25,0,"2011-12-24 05:30:31.0"
48706,"ESP-Website","learning-unlimited","Python",409,-23,173,158,26,1,24,2,162,25,"2011-11-24 05:30:31.0"
48706,"ESP-Website","learning-unlimited","Python",410,-24,18,18,10,1,24,2,18,10,"2011-11-24 05:30:31.0"
48706,"ESP-Website","learning-unlimited","Python",411,-10,27,18,4,14,44,29,23,3,"2012-12-18 05:30:31.0"
48706,"ESP-Website","learning-unlimited","Python",412,-9,17,13,3,15,45,29,16,3,"2013-01-17 05:30:31.0"
48706,"ESP-Website","learning-unlimited","Python",413,-8,26,18,5,16,45,33,24,5,"2013-02-16 05:30:31.0"
48706,"ESP-Website","learning-unlimited","Python",414,-7,5,4,3,17,45,33,5,3,"2013-03-18 05:30:31.0"
48706,"ESP-Website","learning-unlimited","Python",415,-6,18,18,2,18,45,33,17,2,"2013-04-17 05:30:31.0"
48706,"ESP-Website","learning-unlimited","Python",416,-5,2,2,2,19,45,34,2,2,"2013-05-17 05:30:31.0"
48706,"ESP-Website","learning-unlimited","Python",417,-4,9,5,0,20,45,34,7,0,"2013-06-16 05:30:31.0"
48706,"ESP-Website","learning-unlimited","Python",418,-3,3,2,0,21,45,35,3,0,"2013-07-16 05:30:31.0"
48706,"ESP-Website","learning-unlimited","Python",419,-2,11,5,2,22,45,36,11,2,"2013-08-15 05:30:31.0"
48706,"ESP-Website","learning-unlimited","Python",420,-1,1,1,1,24,48,38,1,1,"2013-10-14 05:30:31.0"
48706,"ESP-Website","learning-unlimited","Python",421,1,30,22,8,24,48,38,28,8,"2013-10-14 05:30:31.0"
48706,"ESP-Website","learning-unlimited","Python",422,2,28,16,1,25,48,39,28,1,"2013-11-13 05:30:31.0"
48706,"ESP-Website","learning-unlimited","Python",423,3,32,25,12,26,49,39,32,12,"2013-12-13 05:30:31.0"
48706,"ESP-Website","learning-unlimited","Python",424,4,41,26,3,27,50,41,40,3,"2014-01-12 05:30:31.0"
48706,"ESP-Website","learning-unlimited","Python",425,5,75,53,24,28,51,43,75,24,"2014-02-11 05:30:31.0"
48706,"ESP-Website","learning-unlimited","Python",426,6,50,42,9,29,53,44,50,9,"2014-03-13 05:30:31.0"
48706,"ESP-Website","learning-unlimited","Python",427,7,10,8,4,30,53,44,10,4,"2014-04-12 05:30:31.0"
48706,"ESP-Website","learning-unlimited","Python",428,8,5,4,2,31,53,44,5,2,"2014-05-12 05:30:31.0"
48706,"ESP-Website","learning-unlimited","Python",429,9,11,10,0,32,54,44,11,0,"2014-06-11 05:30:31.0"
48706,"ESP-Website","learning-unlimited","Python",430,10,23,19,2,33,56,44,23,2,"2014-07-11 05:30:31.0"
48706,"ESP-Website","learning-unlimited","Python",431,11,13,11,4,35,56,44,12,4,"2014-09-09 05:30:31.0"
48706,"ESP-Website","learning-unlimited","Python",432,12,26,25,7,35,56,44,26,7,"2014-09-09 05:30:31.0"
48706,"ESP-Website","learning-unlimited","Python",433,13,52,41,5,36,56,44,52,5,"2014-10-09 05:30:31.0"
48706,"ESP-Website","learning-unlimited","Python",434,14,15,13,5,37,57,45,13,5,"2014-11-08 05:30:31.0"
49876,"qreal","qreal","C++",293,2,10,10,8,19,22,29,10,8,"2012-10-24 06:38:06.0"
49876,"qreal","qreal","C++",294,3,32,32,13,20,22,30,32,13,"2012-11-23 06:38:06.0"
49876,"qreal","qreal","C++",295,-2,42,40,27,16,18,28,40,25,"2012-07-26 06:38:06.0"
49876,"qreal","qreal","C++",296,4,5,5,0,21,22,30,5,0,"2012-12-23 06:38:06.0"
49876,"qreal","qreal","C++",297,1,1,1,1,19,22,29,1,1,"2012-10-24 06:38:06.0"
49876,"qreal","qreal","C++",298,6,9,7,4,23,24,32,9,4,"2013-02-21 06:38:06.0"
49876,"qreal","qreal","C++",299,-13,30,27,16,5,6,5,27,14,"2011-08-31 06:38:06.0"
49876,"qreal","qreal","C++",300,-12,48,45,31,6,6,5,47,31,"2011-09-30 06:38:06.0"
49876,"qreal","qreal","C++",301,7,3,3,3,25,25,33,3,3,"2013-04-22 06:38:06.0"
49876,"qreal","qreal","C++",302,8,2,1,0,25,25,33,2,0,"2013-04-22 06:38:06.0"
49876,"qreal","qreal","C++",303,-11,44,42,27,7,9,5,44,27,"2011-10-30 06:38:06.0"
49876,"qreal","qreal","C++",304,-16,20,17,8,2,5,4,13,3,"2011-06-02 06:38:06.0"
49876,"qreal","qreal","C++",305,9,98,29,23,26,26,33,98,23,"2013-05-22 06:38:06.0"
49876,"qreal","qreal","C++",306,-3,41,37,19,15,15,20,37,18,"2012-06-26 06:38:06.0"
49876,"qreal","qreal","C++",307,-5,1,0,0,13,14,17,0,0,"2012-04-27 06:38:06.0"
49876,"qreal","qreal","C++",308,-10,36,35,28,8,9,6,34,26,"2011-11-29 06:38:06.0"
49876,"qreal","qreal","C++",309,-18,103,99,33,1,4,4,103,33,"2011-05-03 06:38:06.0"
49876,"qreal","qreal","C++",310,-9,11,11,8,9,9,10,10,7,"2011-12-29 06:38:06.0"
49876,"qreal","qreal","C++",311,10,14,10,8,27,26,34,13,7,"2013-06-21 06:38:06.0"
49876,"qreal","qreal","C++",312,-1,7,7,7,18,22,28,4,4,"2012-09-24 06:38:06.0"
49876,"qreal","qreal","C++",313,-14,20,20,15,4,5,5,20,15,"2011-08-01 06:38:06.0"
49876,"qreal","qreal","C++",314,-6,5,4,2,12,14,16,4,2,"2012-03-28 06:38:06.0"
49876,"qreal","qreal","C++",315,-7,1,1,1,12,14,16,1,1,"2012-03-28 06:38:06.0"
49876,"qreal","qreal","C++",316,-15,4,4,3,4,5,5,4,3,"2011-08-01 06:38:06.0"
49876,"qreal","qreal","C++",317,-17,3,2,0,1,4,4,3,0,"2011-05-03 06:38:06.0"
49876,"qreal","qreal","C++",318,11,35,31,16,28,28,39,33,16,"2013-07-21 06:38:06.0"
49876,"qreal","qreal","C++",319,12,37,37,33,29,29,39,37,33,"2013-08-20 06:38:06.0"
49876,"qreal","qreal","C++",320,13,18,18,14,30,30,39,18,14,"2013-09-19 06:38:06.0"
49876,"qreal","qreal","C++",321,14,22,22,13,32,30,40,22,13,"2013-11-18 06:38:06.0"
49876,"qreal","qreal","C++",322,15,1,1,1,32,30,40,1,1,"2013-11-18 06:38:06.0"
49876,"qreal","qreal","C++",323,16,29,29,21,33,30,42,29,21,"2013-12-18 06:38:06.0"
49876,"qreal","qreal","C++",324,17,6,6,4,34,32,43,6,4,"2014-01-17 06:38:06.0"
49876,"qreal","qreal","C++",325,18,12,12,8,35,33,43,12,8,"2014-02-16 06:38:06.0"
49876,"qreal","qreal","C++",326,19,1,1,1,37,34,49,1,1,"2014-04-17 06:38:06.0"
49876,"qreal","qreal","C++",327,22,1,0,0,39,36,52,0,0,"2014-06-16 06:38:06.0"
49876,"qreal","qreal","C++",328,21,2,2,2,38,34,52,1,1,"2014-05-17 06:38:06.0"
64830,"mapserver","mapserver","C",883,-6,4282,4246,3444,1,71,9,8,0,"2012-05-03 10:10:40.0"
64830,"mapserver","mapserver","C",884,2,24,9,3,7,118,32,11,2,"2012-10-30 10:10:40.0"
64830,"mapserver","mapserver","C",885,-5,25,12,2,1,71,9,6,2,"2012-05-03 10:10:40.0"
64830,"mapserver","mapserver","C",886,3,12,2,0,8,122,35,0,0,"2012-11-29 10:10:40.0"
64830,"mapserver","mapserver","C",887,-2,30,19,7,4,114,18,7,4,"2012-08-01 10:10:40.0"
64830,"mapserver","mapserver","C",888,1,24,14,3,6,116,27,8,3,"2012-09-30 10:10:40.0"
64830,"mapserver","mapserver","C",889,-1,23,11,2,5,116,23,14,1,"2012-08-31 10:10:40.0"
64830,"mapserver","mapserver","C",890,-3,31,16,1,3,103,14,4,0,"2012-07-02 10:10:40.0"
64830,"mapserver","mapserver","C",891,-4,23,14,3,2,93,11,6,1,"2012-06-02 10:10:40.0"
64830,"mapserver","mapserver","C",892,4,15,4,0,9,125,38,3,0,"2012-12-29 10:10:40.0"
64830,"mapserver","mapserver","C",893,5,25,5,1,10,129,42,7,0,"2013-01-28 10:10:40.0"
64830,"mapserver","mapserver","C",894,6,13,1,0,11,133,46,5,0,"2013-02-27 10:10:40.0"
64830,"mapserver","mapserver","C",895,7,17,4,0,12,135,51,7,0,"2013-03-29 10:10:40.0"
64830,"mapserver","mapserver","C",896,8,19,4,0,13,139,52,10,0,"2013-04-28 10:10:40.0"
64830,"mapserver","mapserver","C",897,9,9,1,0,14,145,56,1,0,"2013-05-28 10:10:40.0"
64830,"mapserver","mapserver","C",898,10,14,7,1,15,149,64,4,0,"2013-06-27 10:10:40.0"
64830,"mapserver","mapserver","C",899,11,18,7,1,16,150,70,7,0,"2013-07-27 10:10:40.0"
64830,"mapserver","mapserver","C",900,12,13,1,0,17,151,74,5,0,"2013-08-26 10:10:40.0"
64830,"mapserver","mapserver","C",901,13,25,7,0,18,152,78,7,0,"2013-09-25 10:10:40.0"
64830,"mapserver","mapserver","C",902,14,13,2,0,19,152,80,4,0,"2013-10-25 10:10:40.0"
64830,"mapserver","mapserver","C",903,15,12,0,0,20,153,85,3,0,"2013-11-24 10:10:40.0"
64830,"mapserver","mapserver","C",904,16,8,1,0,21,153,86,3,0,"2013-12-24 10:10:40.0"
64830,"mapserver","mapserver","C",905,17,16,4,0,22,154,86,6,0,"2014-01-23 10:10:40.0"
64830,"mapserver","mapserver","C",906,18,15,3,0,23,155,92,4,0,"2014-02-22 10:10:40.0"
64830,"mapserver","mapserver","C",907,19,16,2,0,24,155,96,3,0,"2014-03-24 10:10:40.0"
64830,"mapserver","mapserver","C",908,20,10,1,0,25,155,99,1,0,"2014-04-23 10:10:40.0"
64830,"mapserver","mapserver","C",909,21,12,1,0,26,157,104,0,0,"2014-05-23 10:10:40.0"
64830,"mapserver","mapserver","C",910,22,10,1,0,27,159,106,1,0,"2014-06-22 10:10:40.0"
64830,"mapserver","mapserver","C",911,23,12,0,0,28,167,108,2,0,"2014-07-22 10:10:40.0"
64830,"mapserver","mapserver","C",912,24,14,0,0,29,172,110,3,0,"2014-08-21 10:10:40.0"
64830,"mapserver","mapserver","C",913,25,13,2,0,30,178,111,3,0,"2014-09-20 10:10:40.0"
64830,"mapserver","mapserver","C",914,26,11,2,1,31,179,113,2,0,"2014-10-20 10:10:40.0"
64830,"mapserver","mapserver","C",915,27,3,0,0,32,180,113,2,0,"2014-11-19 10:10:40.0"
86752,"invenio","inveniosoftware","Python",341,4,1744,1681,836,31,15,25,1640,772,"2014-05-15 05:33:51.0"
86752,"invenio","inveniosoftware","Python",342,5,55,46,22,32,17,29,38,14,"2014-06-14 05:33:51.0"
86752,"invenio","inveniosoftware","Python",343,6,47,34,15,33,22,37,23,4,"2014-07-14 05:33:51.0"
86752,"invenio","inveniosoftware","Python",344,7,55,40,15,34,24,40,29,8,"2014-08-13 05:33:51.0"
86752,"invenio","inveniosoftware","Python",345,8,67,62,29,35,29,47,54,24,"2014-09-12 05:33:51.0"
86752,"invenio","inveniosoftware","Python",346,9,34,28,14,36,31,51,21,10,"2014-10-12 05:33:51.0"
86752,"invenio","inveniosoftware","Python",347,10,27,10,6,37,35,53,9,5,"2014-11-11 05:33:51.0"
457398,"phantomas","macbre","JavaScript",916,-10,1,0,0,5,506,1,0,0,"2012-12-04 07:28:54.0"
457398,"phantomas","macbre","JavaScript",917,-11,1,0,0,5,506,1,0,0,"2012-12-04 07:28:54.0"
457398,"phantomas","macbre","JavaScript",918,-7,2,2,0,9,529,6,2,0,"2013-04-03 07:28:54.0"
457398,"phantomas","macbre","JavaScript",919,-6,3,3,1,9,529,6,3,1,"2013-04-03 07:28:54.0"
457398,"phantomas","macbre","JavaScript",920,-4,1,0,0,11,535,6,1,0,"2013-06-02 07:28:54.0"
457398,"phantomas","macbre","JavaScript",921,-3,1,1,0,13,547,9,1,0,"2013-08-01 07:28:54.0"
457398,"phantomas","macbre","JavaScript",922,-2,15,14,1,13,547,9,14,0,"2013-08-01 07:28:54.0"
457398,"phantomas","macbre","JavaScript",923,-1,21,20,4,14,559,10,12,1,"2013-08-31 07:28:54.0"
457398,"phantomas","macbre","JavaScript",924,1,10,10,3,15,571,12,9,2,"2013-09-30 07:28:54.0"
457398,"phantomas","macbre","JavaScript",925,2,16,16,4,16,605,15,13,3,"2013-10-30 07:28:54.0"
457398,"phantomas","macbre","JavaScript",926,3,28,24,7,17,606,18,17,5,"2013-11-29 07:28:54.0"
457398,"phantomas","macbre","JavaScript",927,4,19,16,4,18,609,36,10,1,"2013-12-29 07:28:54.0"
457398,"phantomas","macbre","JavaScript",928,5,11,7,2,19,609,39,5,0,"2014-01-28 07:28:54.0"
457398,"phantomas","macbre","JavaScript",929,-9,1,0,0,7,514,4,0,0,"2013-02-02 07:28:54.0"
457398,"phantomas","macbre","JavaScript",930,6,6,6,1,20,609,41,5,1,"2014-02-27 07:28:54.0"
457398,"phantomas","macbre","JavaScript",931,7,17,12,1,21,609,49,7,0,"2014-03-29 07:28:54.0"
457398,"phantomas","macbre","JavaScript",932,8,15,9,2,22,629,51,8,1,"2014-04-28 07:28:54.0"
457398,"phantomas","macbre","JavaScript",933,9,7,6,3,23,653,53,5,2,"2014-05-28 07:28:54.0"
457398,"phantomas","macbre","JavaScript",934,10,12,10,3,24,755,53,7,1,"2014-06-27 07:28:54.0"
457398,"phantomas","macbre","JavaScript",935,11,10,2,1,25,804,55,1,0,"2014-07-27 07:28:54.0"
457398,"phantomas","macbre","JavaScript",936,12,6,4,2,26,832,55,3,1,"2014-08-26 07:28:54.0"
457398,"phantomas","macbre","JavaScript",937,13,7,5,1,27,875,56,0,0,"2014-09-25 07:28:54.0"
457398,"phantomas","macbre","JavaScript",938,14,7,3,2,28,909,57,2,1,"2014-10-25 07:28:54.0"
849289,"georchestra","georchestra","Java",860,-6,1,0,0,4,8,9,1,0,"2013-01-31 11:55:45.0"
849289,"georchestra","georchestra","Java",861,-5,21,11,6,4,8,9,12,2,"2013-01-31 11:55:45.0"
849289,"georchestra","georchestra","Java",862,-4,5,3,2,5,8,10,1,0,"2013-03-02 11:55:45.0"
849289,"georchestra","georchestra","Java",863,-3,13,5,1,6,8,10,13,1,"2013-04-01 11:55:45.0"
849289,"georchestra","georchestra","Java",864,-2,9,1,1,8,8,11,9,1,"2013-05-31 11:55:45.0"
849289,"georchestra","georchestra","Java",865,-1,55,31,11,8,8,11,52,11,"2013-05-31 11:55:45.0"
849289,"georchestra","georchestra","Java",866,1,33,26,16,9,9,15,32,16,"2013-06-30 11:55:45.0"
849289,"georchestra","georchestra","Java",867,2,25,20,1,10,10,17,19,1,"2013-07-30 11:55:45.0"
849289,"georchestra","georchestra","Java",868,3,52,47,25,11,10,18,49,24,"2013-08-29 11:55:45.0"
849289,"georchestra","georchestra","Java",869,4,74,70,37,12,11,18,73,37,"2013-09-28 11:55:45.0"
849289,"georchestra","georchestra","Java",870,5,48,47,25,13,12,18,48,25,"2013-10-28 11:55:45.0"
849289,"georchestra","georchestra","Java",871,6,36,36,21,14,12,20,36,21,"2013-11-27 11:55:45.0"
849289,"georchestra","georchestra","Java",872,7,25,20,11,15,12,20,19,9,"2013-12-27 11:55:45.0"
849289,"georchestra","georchestra","Java",873,8,22,21,12,16,12,20,21,12,"2014-01-26 11:55:45.0"
849289,"georchestra","georchestra","Java",874,9,17,15,10,17,14,20,17,10,"2014-02-25 11:55:45.0"
849289,"georchestra","georchestra","Java",875,10,19,16,10,18,14,21,18,10,"2014-03-27 11:55:45.0"
849289,"georchestra","georchestra","Java",876,11,6,6,4,19,14,22,5,4,"2014-04-26 11:55:45.0"
849289,"georchestra","georchestra","Java",877,12,35,31,15,20,14,23,35,15,"2014-05-26 11:55:45.0"
849289,"georchestra","georchestra","Java",878,13,22,20,5,21,14,23,21,5,"2014-06-25 11:55:45.0"
849289,"georchestra","georchestra","Java",879,14,4,4,1,22,14,23,4,1,"2014-07-25 11:55:45.0"
849289,"georchestra","georchestra","Java",880,15,28,28,14,23,14,23,28,14,"2014-08-24 11:55:45.0"
849289,"georchestra","georchestra","Java",881,16,18,18,10,24,16,23,18,10,"2014-09-23 11:55:45.0"
849289,"georchestra","georchestra","Java",882,17,10,10,3,25,16,23,10,3,"2014-10-23 11:55:45.0"
931243,"adhocracy","liqd","Python",480,-7,44,44,12,1,16,3,44,12,"2012-10-23 10:20:53.0"
931243,"adhocracy","liqd","Python",481,-6,13,13,6,2,16,7,12,6,"2012-11-22 10:20:53.0"
931243,"adhocracy","liqd","Python",482,-8,65,64,41,1,16,3,65,41,"2012-10-23 10:20:53.0"
931243,"adhocracy","liqd","Python",483,-5,33,28,10,3,17,12,30,9,"2012-12-22 10:20:53.0"
931243,"adhocracy","liqd","Python",484,-4,19,12,3,4,17,13,17,3,"2013-01-21 10:20:53.0"
931243,"adhocracy","liqd","Python",485,-3,26,20,7,5,24,14,23,6,"2013-02-20 10:20:53.0"
931243,"adhocracy","liqd","Python",486,-2,27,18,10,6,28,15,22,8,"2013-03-22 10:20:53.0"
931243,"adhocracy","liqd","Python",487,-1,29,25,17,7,29,18,24,13,"2013-04-21 10:20:53.0"
931243,"adhocracy","liqd","Python",488,1,32,7,4,8,33,18,26,4,"2013-05-21 10:20:53.0"
931243,"adhocracy","liqd","Python",489,2,20,12,8,9,34,20,19,7,"2013-06-20 10:20:53.0"
931243,"adhocracy","liqd","Python",490,3,17,17,9,10,38,22,14,9,"2013-07-20 10:20:53.0"
931243,"adhocracy","liqd","Python",491,4,11,7,6,11,40,24,9,6,"2013-08-19 10:20:53.0"
931243,"adhocracy","liqd","Python",492,5,21,17,10,12,43,25,15,8,"2013-09-18 10:20:53.0"
931243,"adhocracy","liqd","Python",493,6,10,9,7,13,45,25,8,6,"2013-10-18 10:20:53.0"
931243,"adhocracy","liqd","Python",494,7,26,25,21,14,46,25,25,21,"2013-11-17 10:20:53.0"
931243,"adhocracy","liqd","Python",495,8,7,7,4,15,50,27,7,4,"2013-12-17 10:20:53.0"
931243,"adhocracy","liqd","Python",496,9,6,6,5,16,51,28,6,5,"2014-01-16 10:20:53.0"
931243,"adhocracy","liqd","Python",497,10,16,15,12,17,52,29,16,12,"2014-02-15 10:20:53.0"
931243,"adhocracy","liqd","Python",498,11,7,7,6,18,54,29,7,6,"2014-03-17 10:20:53.0"
931243,"adhocracy","liqd","Python",499,12,7,4,4,19,59,31,4,4,"2014-04-16 10:20:53.0"
931243,"adhocracy","liqd","Python",500,13,4,4,3,20,60,31,4,3,"2014-05-16 10:20:53.0"
931243,"adhocracy","liqd","Python",501,14,5,4,4,21,68,31,4,4,"2014-06-15 10:20:53.0"
931243,"adhocracy","liqd","Python",502,15,4,4,3,22,71,31,4,3,"2014-07-15 10:20:53.0"
931243,"adhocracy","liqd","Python",503,16,1,0,0,23,74,31,0,0,"2014-08-14 10:20:53.0"
931243,"adhocracy","liqd","Python",504,17,1,1,1,25,83,31,1,1,"2014-10-13 10:20:53.0"
1504740,"webview","Connexions","Python",348,2,6,5,0,14,2,1,6,0,"2013-09-06 04:15:18.0"
1504740,"webview","Connexions","Python",349,3,54,52,46,15,2,1,54,46,"2013-10-06 04:15:18.0"
1504740,"webview","Connexions","Python",350,4,34,24,4,16,2,1,33,4,"2013-11-05 04:15:18.0"
1504740,"webview","Connexions","Python",351,5,33,27,2,17,2,1,27,2,"2013-12-05 04:15:18.0"
1504740,"webview","Connexions","Python",352,6,4,1,1,18,2,1,4,1,"2014-01-04 04:15:18.0"
1504740,"webview","Connexions","Python",353,7,2,2,1,19,2,1,2,1,"2014-02-03 04:15:18.0"
1504740,"webview","Connexions","Python",354,9,26,26,19,21,2,1,26,19,"2014-04-04 04:15:18.0"
1504740,"webview","Connexions","Python",355,10,5,2,2,22,2,1,5,2,"2014-05-04 04:15:18.0"
1504740,"webview","Connexions","Python",356,11,37,33,24,23,2,1,36,24,"2014-06-03 04:15:18.0"
1504740,"webview","Connexions","Python",357,12,9,9,3,24,2,2,9,3,"2014-07-03 04:15:18.0"
1504740,"webview","Connexions","Python",358,13,1,0,0,26,2,2,0,0,"2014-09-01 04:15:18.0"
1504740,"webview","Connexions","Python",359,14,8,4,0,26,2,2,7,0,"2014-09-01 04:15:18.0"
1504740,"webview","Connexions","Python",360,15,6,5,0,27,2,2,6,0,"2014-10-01 04:15:18.0"
1504740,"webview","Connexions","Python",361,16,13,12,9,28,3,2,13,9,"2014-10-31 04:15:18.0"
1802891,"ilios","ilios","PHP",435,8,33,32,11,10,8,6,32,11,"2013-10-01 14:27:26.0"
1802891,"ilios","ilios","PHP",436,9,11,9,8,11,8,7,10,7,"2013-10-31 14:27:26.0"
1802891,"ilios","ilios","PHP",437,10,6,6,2,12,8,7,6,2,"2013-11-30 14:27:26.0"
1802891,"ilios","ilios","PHP",438,11,33,25,3,13,9,8,33,3,"2013-12-30 14:27:26.0"
1802891,"ilios","ilios","PHP",439,12,29,13,3,14,9,8,28,2,"2014-01-29 14:27:26.0"
1802891,"ilios","ilios","PHP",440,13,37,31,5,15,11,10,37,5,"2014-02-28 14:27:26.0"
1802891,"ilios","ilios","PHP",441,14,6,4,3,16,12,13,6,3,"2014-03-30 14:27:26.0"
1802891,"ilios","ilios","PHP",442,15,14,12,2,17,12,14,13,2,"2014-04-29 14:27:26.0"
1802891,"ilios","ilios","PHP",443,16,10,6,4,18,13,14,6,3,"2014-05-29 14:27:26.0"
1802891,"ilios","ilios","PHP",444,17,8,3,1,19,15,14,6,1,"2014-06-28 14:27:26.0"
1802891,"ilios","ilios","PHP",445,18,4,2,1,20,15,14,3,1,"2014-07-28 14:27:26.0"
1802891,"ilios","ilios","PHP",446,19,13,12,8,21,15,14,6,4,"2014-08-27 14:27:26.0"
1802891,"ilios","ilios","PHP",447,20,15,12,1,22,16,16,6,0,"2014-09-26 14:27:26.0"
1802891,"ilios","ilios","PHP",448,21,4,4,2,23,16,16,3,1,"2014-10-26 14:27:26.0"
1993558,"Hercules","HerculesWS","C",814,5,9,9,1,7,45,76,7,0,"2013-08-08 15:29:38.0"
1993558,"Hercules","HerculesWS","C",815,6,12,9,2,7,45,76,6,1,"2013-08-08 15:29:38.0"
1993558,"Hercules","HerculesWS","C",816,7,60,56,1,8,49,87,56,1,"2013-09-07 15:29:38.0"
1993558,"Hercules","HerculesWS","C",817,8,39,34,2,9,55,98,34,2,"2013-10-07 15:29:38.0"
1993558,"Hercules","HerculesWS","C",818,9,7,4,2,10,64,114,6,2,"2013-11-06 15:29:38.0"
1993558,"Hercules","HerculesWS","C",819,10,8,4,1,11,72,132,7,1,"2013-12-06 15:29:38.0"
1993558,"Hercules","HerculesWS","C",820,11,7,3,0,12,76,138,5,0,"2014-01-05 15:29:38.0"
1993558,"Hercules","HerculesWS","C",821,12,1,0,0,14,90,160,0,0,"2014-03-06 15:29:38.0"
1993558,"Hercules","HerculesWS","C",822,13,1,0,0,15,102,173,0,0,"2014-04-05 15:29:38.0"
1993558,"Hercules","HerculesWS","C",823,15,4,1,1,16,104,181,4,1,"2014-05-05 15:29:38.0"
1993558,"Hercules","HerculesWS","C",824,16,5,1,0,18,112,187,1,0,"2014-07-04 15:29:38.0"
1993558,"Hercules","HerculesWS","C",825,17,3,0,0,18,112,187,1,0,"2014-07-04 15:29:38.0"
1993558,"Hercules","HerculesWS","C",826,18,1,1,0,19,120,188,1,0,"2014-08-03 15:29:38.0"
1993558,"Hercules","HerculesWS","C",827,20,4,3,3,21,139,194,0,0,"2014-10-02 15:29:38.0"
1993558,"Hercules","HerculesWS","C",828,21,1,0,0,22,148,196,0,0,"2014-11-01 15:29:38.0"
2265342,"RIOT","RIOT-OS","C",33,6,25,20,12,22,184,91,23,11,"2014-10-20 11:38:40.0"
2265342,"RIOT","RIOT-OS","C",31,4,25,19,5,20,157,82,22,5,"2014-08-21 11:38:40.0"
2265342,"RIOT","RIOT-OS","C",32,5,21,21,8,21,172,85,20,8,"2014-09-20 11:38:40.0"
2265342,"RIOT","RIOT-OS","C",13,-15,18,16,10,3,27,5,18,10,"2013-03-29 11:38:40.0"
2265342,"RIOT","RIOT-OS","C",14,-14,5,5,3,3,27,5,5,3,"2013-03-29 11:38:40.0"
2265342,"RIOT","RIOT-OS","C",15,-12,4,3,3,6,35,17,4,3,"2013-06-27 11:38:40.0"
2265342,"RIOT","RIOT-OS","C",16,-11,12,10,2,6,35,17,11,2,"2013-06-27 11:38:40.0"
2265342,"RIOT","RIOT-OS","C",17,-13,1,1,1,4,28,6,1,1,"2013-04-28 11:38:40.0"
2265342,"RIOT","RIOT-OS","C",18,-10,13,10,4,7,39,22,12,4,"2013-07-27 11:38:40.0"
2265342,"RIOT","RIOT-OS","C",34,7,13,9,7,23,196,94,13,7,"2014-11-19 11:38:40.0"
2265342,"RIOT","RIOT-OS","C",20,-8,15,12,3,9,46,32,14,3,"2013-09-25 11:38:40.0"
2265342,"RIOT","RIOT-OS","C",21,-7,12,8,6,10,51,35,11,6,"2013-10-25 11:38:40.0"
2265342,"RIOT","RIOT-OS","C",22,-6,29,22,14,11,56,38,29,14,"2013-11-24 11:38:40.0"
2265342,"RIOT","RIOT-OS","C",23,-5,18,9,3,12,62,42,18,3,"2013-12-24 11:38:40.0"
2265342,"RIOT","RIOT-OS","C",24,-4,32,27,12,13,67,43,32,12,"2014-01-23 11:38:40.0"
2265342,"RIOT","RIOT-OS","C",25,-3,64,50,29,14,77,47,56,26,"2014-02-22 11:38:40.0"
2265342,"RIOT","RIOT-OS","C",26,-2,41,35,14,15,89,56,41,14,"2014-03-24 11:38:40.0"
2265342,"RIOT","RIOT-OS","C",27,-1,42,36,11,16,98,59,42,11,"2014-04-23 11:38:40.0"
2265342,"RIOT","RIOT-OS","C",28,1,49,43,21,17,101,69,44,20,"2014-05-23 11:38:40.0"
2265342,"RIOT","RIOT-OS","C",29,2,23,23,13,18,118,76,21,11,"2014-06-22 11:38:40.0"
2265342,"RIOT","RIOT-OS","C",30,3,26,20,9,19,131,79,19,8,"2014-07-22 11:38:40.0"
2265342,"RIOT","RIOT-OS","C",19,-9,33,26,7,8,42,26,33,7,"2013-08-26 11:38:40.0"
2281158,"openfluid","OpenFLUID","C++",838,-15,39,30,5,1,2,5,39,5,"2013-02-20 02:31:53.0"
2281158,"openfluid","OpenFLUID","C++",839,-14,28,25,2,1,2,5,27,2,"2013-02-20 02:31:53.0"
2281158,"openfluid","OpenFLUID","C++",840,-13,14,10,0,2,2,5,8,0,"2013-03-22 02:31:53.0"
2281158,"openfluid","OpenFLUID","C++",841,-12,10,10,1,3,3,5,5,0,"2013-04-21 02:31:53.0"
2281158,"openfluid","OpenFLUID","C++",842,-11,13,5,0,4,3,5,10,0,"2013-05-21 02:31:53.0"
2281158,"openfluid","OpenFLUID","C++",843,-10,20,20,6,5,3,5,20,6,"2013-06-20 02:31:53.0"
2281158,"openfluid","OpenFLUID","C++",844,-9,6,5,0,6,4,5,4,0,"2013-07-20 02:31:53.0"
2281158,"openfluid","OpenFLUID","C++",845,-8,4,2,1,7,4,5,1,0,"2013-08-19 02:31:53.0"
2281158,"openfluid","OpenFLUID","C++",846,-7,2,1,1,8,4,5,2,1,"2013-09-18 02:31:53.0"
2281158,"openfluid","OpenFLUID","C++",847,-6,9,9,2,10,4,5,9,2,"2013-11-17 02:31:53.0"
2281158,"openfluid","OpenFLUID","C++",848,-4,4,4,1,11,4,5,4,1,"2013-12-17 02:31:53.0"
2281158,"openfluid","OpenFLUID","C++",849,-3,1,0,0,13,4,5,0,0,"2014-02-15 02:31:53.0"
2281158,"openfluid","OpenFLUID","C++",850,-2,15,12,5,13,4,5,6,1,"2014-02-15 02:31:53.0"
2281158,"openfluid","OpenFLUID","C++",851,-1,10,6,2,14,4,5,6,2,"2014-03-17 02:31:53.0"
2281158,"openfluid","OpenFLUID","C++",852,1,11,11,3,15,4,5,9,2,"2014-04-16 02:31:53.0"
2281158,"openfluid","OpenFLUID","C++",853,2,1,1,1,17,5,5,1,1,"2014-06-15 02:31:53.0"
2281158,"openfluid","OpenFLUID","C++",854,3,9,8,2,17,5,5,7,1,"2014-06-15 02:31:53.0"
2281158,"openfluid","OpenFLUID","C++",855,4,1,1,0,18,5,5,1,0,"2014-07-15 02:31:53.0"
2281158,"openfluid","OpenFLUID","C++",856,5,1,1,1,19,5,5,1,1,"2014-08-14 02:31:53.0"
2281158,"openfluid","OpenFLUID","C++",857,6,16,15,3,20,5,5,6,3,"2014-09-13 02:31:53.0"
2281158,"openfluid","OpenFLUID","C++",858,7,9,9,1,21,5,5,9,1,"2014-10-13 02:31:53.0"
2281158,"openfluid","OpenFLUID","C++",859,8,2,2,1,22,5,5,1,0,"2014-11-12 02:31:53.0"
2398573,"WordPress-Android","wordpress-mobile","Java",194,11,52,51,30,24,256,212,51,30,"2014-08-24 10:10:02.0"
2398573,"WordPress-Android","wordpress-mobile","Java",193,10,60,57,20,23,220,210,56,20,"2014-07-25 10:10:02.0"
2398573,"WordPress-Android","wordpress-mobile","Java",179,-6,5,2,2,9,6,13,5,2,"2013-05-31 10:10:02.0"
2398573,"WordPress-Android","wordpress-mobile","Java",180,-5,7,4,4,10,11,17,7,4,"2013-06-30 10:10:02.0"
2398573,"WordPress-Android","wordpress-mobile","Java",195,12,37,34,18,25,286,213,36,18,"2014-09-23 10:10:02.0"
2398573,"WordPress-Android","wordpress-mobile","Java",196,13,10,8,2,27,318,213,7,2,"2014-11-22 10:10:02.0"
2398573,"WordPress-Android","wordpress-mobile","Java",183,-1,93,83,69,13,71,63,48,30,"2013-09-28 10:10:02.0"
2398573,"WordPress-Android","wordpress-mobile","Java",184,1,99,87,44,14,84,76,78,37,"2013-10-28 10:10:02.0"
2398573,"WordPress-Android","wordpress-mobile","Java",185,2,115,91,60,15,84,101,68,28,"2013-11-27 10:10:02.0"
2398573,"WordPress-Android","wordpress-mobile","Java",186,3,83,65,27,16,84,116,80,27,"2013-12-27 10:10:02.0"
2398573,"WordPress-Android","wordpress-mobile","Java",187,4,132,114,70,18,84,158,125,65,"2014-02-25 10:10:02.0"
2398573,"WordPress-Android","wordpress-mobile","Java",188,5,110,85,56,18,84,158,106,55,"2014-02-25 10:10:02.0"
2398573,"WordPress-Android","wordpress-mobile","Java",189,6,92,67,46,19,85,177,88,45,"2014-03-27 10:10:02.0"
2398573,"WordPress-Android","wordpress-mobile","Java",190,7,58,50,27,21,144,207,50,25,"2014-05-26 10:10:02.0"
2398573,"WordPress-Android","wordpress-mobile","Java",191,8,48,37,23,22,191,207,36,20,"2014-06-25 10:10:02.0"
2398573,"WordPress-Android","wordpress-mobile","Java",192,9,66,63,29,22,191,207,63,29,"2014-06-25 10:10:02.0"
2398573,"WordPress-Android","wordpress-mobile","Java",181,-3,18,17,16,12,47,48,5,3,"2013-08-29 10:10:02.0"
2398573,"WordPress-Android","wordpress-mobile","Java",182,-2,80,75,41,12,47,48,77,41,"2013-08-29 10:10:02.0"
3218707,"gaffer","ImageEngine","Python",378,-18,167,166,38,1,10,6,165,37,"2013-04-25 16:04:53.0"
3218707,"gaffer","ImageEngine","Python",379,-17,77,43,9,1,10,6,77,9,"2013-04-25 16:04:53.0"
3218707,"gaffer","ImageEngine","Python",380,-16,42,21,7,2,14,7,41,7,"2013-05-25 16:04:53.0"
3218707,"gaffer","ImageEngine","Python",381,-15,22,22,11,3,18,10,22,11,"2013-06-24 16:04:53.0"
3218707,"gaffer","ImageEngine","Python",382,-14,30,27,11,4,22,10,28,11,"2013-07-24 16:04:53.0"
3218707,"gaffer","ImageEngine","Python",383,-13,22,21,9,5,26,13,17,7,"2013-08-23 16:04:53.0"
3218707,"gaffer","ImageEngine","Python",384,-12,37,35,7,6,32,15,28,6,"2013-09-22 16:04:53.0"
3218707,"gaffer","ImageEngine","Python",385,-11,24,19,4,7,56,18,16,3,"2013-10-22 16:04:53.0"
3218707,"gaffer","ImageEngine","Python",386,-10,9,8,3,8,67,23,9,3,"2013-11-21 16:04:53.0"
3218707,"gaffer","ImageEngine","Python",387,-9,2,1,0,10,78,29,2,0,"2014-01-20 16:04:53.0"
3218707,"gaffer","ImageEngine","Python",388,-8,3,2,1,11,87,30,3,1,"2014-02-19 16:04:53.0"
3218707,"gaffer","ImageEngine","Python",389,-7,25,21,0,11,87,30,24,0,"2014-02-19 16:04:53.0"
3218707,"gaffer","ImageEngine","Python",390,-6,10,8,1,12,92,31,8,1,"2014-03-21 16:04:53.0"
3218707,"gaffer","ImageEngine","Python",391,-5,12,5,0,13,97,33,10,0,"2014-04-20 16:04:53.0"
3218707,"gaffer","ImageEngine","Python",392,-4,6,2,1,14,99,34,6,1,"2014-05-20 16:04:53.0"
3218707,"gaffer","ImageEngine","Python",393,-3,24,22,2,15,106,34,23,2,"2014-06-19 16:04:53.0"
3218707,"gaffer","ImageEngine","Python",394,-2,16,16,0,16,111,35,11,0,"2014-07-19 16:04:53.0"
3218707,"gaffer","ImageEngine","Python",395,-1,17,15,0,17,115,35,15,0,"2014-08-18 16:04:53.0"
3218707,"gaffer","ImageEngine","Python",396,1,17,11,0,19,125,38,14,0,"2014-10-17 16:04:53.0"
3218707,"gaffer","ImageEngine","Python",397,2,10,6,2,19,125,38,7,2,"2014-10-17 16:04:53.0"
3245727,"Easy-Digital-Downloads","easydigitaldownloads","PHP",72,-12,46,36,14,1,243,0,35,11,"2012-05-07 15:12:22.0"
3245727,"Easy-Digital-Downloads","easydigitaldownloads","PHP",73,-11,33,26,10,2,251,0,28,9,"2012-06-06 15:12:22.0"
3245727,"Easy-Digital-Downloads","easydigitaldownloads","PHP",82,15,42,37,18,27,354,139,23,8,"2014-06-26 15:12:22.0"
3245727,"Easy-Digital-Downloads","easydigitaldownloads","PHP",83,16,27,20,8,28,360,142,14,5,"2014-07-26 15:12:22.0"
3245727,"Easy-Digital-Downloads","easydigitaldownloads","PHP",84,17,64,59,37,29,370,145,29,18,"2014-08-25 15:12:22.0"
3245727,"Easy-Digital-Downloads","easydigitaldownloads","PHP",85,18,45,38,20,30,378,150,20,9,"2014-09-24 15:12:22.0"
3245727,"Easy-Digital-Downloads","easydigitaldownloads","PHP",86,19,16,11,7,31,385,155,7,4,"2014-10-24 15:12:22.0"
3245727,"Easy-Digital-Downloads","easydigitaldownloads","PHP",74,-10,23,22,12,3,260,0,21,12,"2012-07-06 15:12:22.0"
3245727,"Easy-Digital-Downloads","easydigitaldownloads","PHP",75,-9,28,22,10,4,269,0,21,9,"2012-08-05 15:12:22.0"
3245727,"Easy-Digital-Downloads","easydigitaldownloads","PHP",76,-8,51,27,13,5,278,0,27,10,"2012-09-04 15:12:22.0"
3245727,"Easy-Digital-Downloads","easydigitaldownloads","PHP",77,-7,45,29,11,6,288,0,29,10,"2012-10-04 15:12:22.0"
3245727,"Easy-Digital-Downloads","easydigitaldownloads","PHP",78,11,56,45,27,23,338,101,30,16,"2014-02-26 15:12:22.0"
3245727,"Easy-Digital-Downloads","easydigitaldownloads","PHP",79,12,40,34,17,24,338,110,15,7,"2014-03-28 15:12:22.0"
3245727,"Easy-Digital-Downloads","easydigitaldownloads","PHP",80,13,33,21,11,25,341,124,20,7,"2014-04-27 15:12:22.0"
3245727,"Easy-Digital-Downloads","easydigitaldownloads","PHP",81,14,40,33,21,26,343,133,27,17,"2014-05-27 15:12:22.0"
3245727,"Easy-Digital-Downloads","easydigitaldownloads","PHP",55,1,46,14,2,13,320,14,37,0,"2013-05-02 15:12:22.0"
3245727,"Easy-Digital-Downloads","easydigitaldownloads","PHP",56,-1,65,43,16,12,318,6,46,10,"2013-04-02 15:12:22.0"
3245727,"Easy-Digital-Downloads","easydigitaldownloads","PHP",57,-5,72,46,8,8,300,0,40,7,"2012-12-03 15:12:22.0"
3245727,"Easy-Digital-Downloads","easydigitaldownloads","PHP",58,-2,66,54,23,11,313,5,43,14,"2013-03-03 15:12:22.0"
3245727,"Easy-Digital-Downloads","easydigitaldownloads","PHP",59,-3,83,66,28,10,306,5,54,17,"2013-02-01 15:12:22.0"
3245727,"Easy-Digital-Downloads","easydigitaldownloads","PHP",60,-4,94,51,19,9,300,2,60,14,"2013-01-02 15:12:22.0"
3245727,"Easy-Digital-Downloads","easydigitaldownloads","PHP",61,-6,36,26,8,7,294,0,25,7,"2012-11-03 15:12:22.0"
3245727,"Easy-Digital-Downloads","easydigitaldownloads","PHP",62,2,72,54,25,14,322,22,50,18,"2013-06-01 15:12:22.0"
3245727,"Easy-Digital-Downloads","easydigitaldownloads","PHP",63,3,60,55,25,15,327,34,47,19,"2013-07-01 15:12:22.0"
3245727,"Easy-Digital-Downloads","easydigitaldownloads","PHP",64,4,53,45,20,16,328,42,31,13,"2013-07-31 15:12:22.0"
3245727,"Easy-Digital-Downloads","easydigitaldownloads","PHP",65,5,43,41,19,17,330,50,29,12,"2013-08-30 15:12:22.0"
3245727,"Easy-Digital-Downloads","easydigitaldownloads","PHP",66,6,51,45,29,18,333,57,32,18,"2013-09-29 15:12:22.0"
3245727,"Easy-Digital-Downloads","easydigitaldownloads","PHP",67,7,73,65,36,19,333,63,44,20,"2013-10-29 15:12:22.0"
3245727,"Easy-Digital-Downloads","easydigitaldownloads","PHP",68,8,53,50,24,20,334,70,36,14,"2013-11-28 15:12:22.0"
3245727,"Easy-Digital-Downloads","easydigitaldownloads","PHP",69,9,68,62,28,21,336,78,40,16,"2013-12-28 15:12:22.0"
3245727,"Easy-Digital-Downloads","easydigitaldownloads","PHP",70,10,61,54,30,22,337,88,44,24,"2014-01-27 15:12:22.0"
3245727,"Easy-Digital-Downloads","easydigitaldownloads","PHP",71,-13,73,62,21,1,243,0,22,11,"2012-05-07 15:12:22.0"
3573111,"vispy","vispy","Python",730,-9,1,1,0,2,6,0,1,0,"2013-05-20 10:43:22.0"
3573111,"vispy","vispy","Python",731,-6,18,17,13,5,29,0,18,13,"2013-08-18 10:43:22.0"
3573111,"vispy","vispy","Python",732,-10,4,4,0,1,0,0,4,0,"2013-04-20 10:43:22.0"
3573111,"vispy","vispy","Python",733,-5,36,34,7,6,41,6,35,7,"2013-09-17 10:43:22.0"
3573111,"vispy","vispy","Python",734,-4,5,4,3,7,46,7,4,2,"2013-10-17 10:43:22.0"
3573111,"vispy","vispy","Python",735,-3,1,1,0,8,64,12,1,0,"2013-11-16 10:43:22.0"
3573111,"vispy","vispy","Python",736,-2,2,1,0,9,77,14,1,0,"2013-12-16 10:43:22.0"
3573111,"vispy","vispy","Python",737,1,17,11,3,11,83,19,17,3,"2014-02-14 10:43:22.0"
3573111,"vispy","vispy","Python",738,2,50,44,7,11,83,19,45,4,"2014-02-14 10:43:22.0"
3573111,"vispy","vispy","Python",739,3,9,5,2,12,83,24,8,2,"2014-03-16 10:43:22.0"
3573111,"vispy","vispy","Python",740,4,13,9,5,14,89,28,11,5,"2014-05-15 10:43:22.0"
3573111,"vispy","vispy","Python",741,5,4,3,0,14,89,28,4,0,"2014-05-15 10:43:22.0"
3573111,"vispy","vispy","Python",742,6,10,5,2,15,105,30,5,1,"2014-06-14 10:43:22.0"
3573111,"vispy","vispy","Python",743,7,21,10,6,17,144,33,21,6,"2014-08-13 10:43:22.0"
3573111,"vispy","vispy","Python",744,8,96,88,24,17,144,33,89,20,"2014-08-13 10:43:22.0"
3573111,"vispy","vispy","Python",745,9,11,6,1,19,329,41,7,1,"2014-10-12 10:43:22.0"
3573111,"vispy","vispy","Python",746,10,17,11,3,20,346,42,11,2,"2014-11-11 10:43:22.0"
4141934,"mev","dfci-cccb","Java",533,1,13,13,1,1,0,2,12,0,"2013-07-16 12:38:59.0"
4141934,"mev","dfci-cccb","Java",534,2,42,29,10,2,0,2,42,10,"2013-08-15 12:38:59.0"
4141934,"mev","dfci-cccb","Java",535,3,18,18,6,3,0,3,18,6,"2013-09-14 12:38:59.0"
4141934,"mev","dfci-cccb","Java",536,4,105,93,25,4,0,4,100,25,"2013-10-14 12:38:59.0"
4141934,"mev","dfci-cccb","Java",537,5,14,11,0,5,1,4,14,0,"2013-11-13 12:38:59.0"
4141934,"mev","dfci-cccb","Java",538,6,54,39,13,6,1,4,54,13,"2013-12-13 12:38:59.0"
4141934,"mev","dfci-cccb","Java",539,7,34,29,7,7,1,4,34,7,"2014-01-12 12:38:59.0"
4141934,"mev","dfci-cccb","Java",540,8,36,23,6,8,1,4,36,6,"2014-02-11 12:38:59.0"
4141934,"mev","dfci-cccb","Java",541,9,35,33,8,9,1,5,33,8,"2014-03-13 12:38:59.0"
4141934,"mev","dfci-cccb","Java",542,10,33,28,8,10,1,5,33,8,"2014-04-12 12:38:59.0"
4141934,"mev","dfci-cccb","Java",543,11,3,3,1,12,1,5,3,1,"2014-06-11 12:38:59.0"
4141934,"mev","dfci-cccb","Java",544,12,9,8,2,12,1,5,9,2,"2014-06-11 12:38:59.0"
4141934,"mev","dfci-cccb","Java",545,13,1,0,0,13,1,5,1,0,"2014-07-11 12:38:59.0"
4141934,"mev","dfci-cccb","Java",546,14,2,2,2,14,1,5,2,2,"2014-08-10 12:38:59.0"
4141934,"mev","dfci-cccb","Java",547,15,8,8,0,15,1,6,8,0,"2014-09-09 12:38:59.0"
4141934,"mev","dfci-cccb","Java",548,16,11,10,2,16,1,6,10,2,"2014-10-09 12:38:59.0"
4141934,"mev","dfci-cccb","Java",549,17,25,21,4,17,1,6,25,4,"2014-11-08 12:38:59.0"
4587149,"Gandalf","ZeusWPI","Ruby",970,-4,29,9,1,3,1,1,29,1,"2013-10-13 11:00:17.0"
4587149,"Gandalf","ZeusWPI","Ruby",971,-6,2,2,0,1,0,0,2,0,"2013-08-14 11:00:17.0"
4587149,"Gandalf","ZeusWPI","Ruby",972,-3,112,95,30,4,1,1,112,30,"2013-11-12 11:00:17.0"
4587149,"Gandalf","ZeusWPI","Ruby",973,-2,6,5,1,5,1,1,6,1,"2013-12-12 11:00:17.0"
4587149,"Gandalf","ZeusWPI","Ruby",974,-1,26,25,8,6,1,2,26,8,"2014-01-11 11:00:17.0"
4587149,"Gandalf","ZeusWPI","Ruby",975,1,58,50,20,7,5,2,57,19,"2014-02-10 11:00:17.0"
4587149,"Gandalf","ZeusWPI","Ruby",976,2,21,17,9,8,5,4,20,9,"2014-03-12 11:00:17.0"
4587149,"Gandalf","ZeusWPI","Ruby",977,3,2,2,1,9,5,4,2,1,"2014-04-11 11:00:17.0"
4587149,"Gandalf","ZeusWPI","Ruby",978,4,5,4,2,11,5,4,5,2,"2014-06-10 11:00:17.0"
4587149,"Gandalf","ZeusWPI","Ruby",979,5,1,1,1,12,5,4,1,1,"2014-07-10 11:00:17.0"
4587149,"Gandalf","ZeusWPI","Ruby",980,6,3,3,1,13,5,4,3,1,"2014-08-09 11:00:17.0"
4587149,"Gandalf","ZeusWPI","Ruby",981,7,1,1,0,14,5,4,1,0,"2014-09-08 11:00:17.0"
4587149,"Gandalf","ZeusWPI","Ruby",982,8,3,1,0,14,5,4,3,0,"2014-09-08 11:00:17.0"
4587149,"Gandalf","ZeusWPI","Ruby",983,9,2,0,0,16,5,4,0,0,"2014-11-07 11:00:17.0"
4587149,"Gandalf","ZeusWPI","Ruby",984,10,1,1,1,16,5,4,1,1,"2014-11-07 11:00:17.0"
4687991,"husky","massiveart","JavaScript",685,1,8,8,0,2,2,0,8,0,"2013-09-03 00:44:18.0"
4687991,"husky","massiveart","JavaScript",686,2,7,5,1,3,2,0,7,1,"2013-10-03 00:44:18.0"
4687991,"husky","massiveart","JavaScript",687,3,2,2,1,4,4,0,2,1,"2013-11-02 00:44:18.0"
4687991,"husky","massiveart","JavaScript",688,4,9,9,4,5,5,0,9,4,"2013-12-02 00:44:18.0"
4687991,"husky","massiveart","JavaScript",689,5,4,2,0,6,5,1,4,0,"2014-01-01 00:44:18.0"
4687991,"husky","massiveart","JavaScript",690,6,1,1,0,7,5,1,1,0,"2014-01-31 00:44:18.0"
4687991,"husky","massiveart","JavaScript",691,7,32,31,21,8,5,1,32,21,"2014-03-02 00:44:18.0"
4687991,"husky","massiveart","JavaScript",692,8,3,2,1,9,5,1,3,1,"2014-04-01 00:44:18.0"
4687991,"husky","massiveart","JavaScript",693,9,3,2,2,10,6,1,3,2,"2014-05-01 00:44:18.0"
4687991,"husky","massiveart","JavaScript",694,10,5,4,1,11,6,1,5,1,"2014-05-31 00:44:18.0"
4687991,"husky","massiveart","JavaScript",695,11,4,4,2,12,6,1,4,2,"2014-06-30 00:44:18.0"
4687991,"husky","massiveart","JavaScript",696,12,1,1,0,13,8,1,1,0,"2014-07-30 00:44:18.0"
4687991,"husky","massiveart","JavaScript",697,13,3,3,2,14,8,2,3,2,"2014-08-29 00:44:18.0"
4687991,"husky","massiveart","JavaScript",698,14,5,5,1,15,8,2,5,1,"2014-09-28 00:44:18.0"
4687991,"husky","massiveart","JavaScript",699,15,12,10,4,16,8,2,11,4,"2014-10-28 00:44:18.0"
4687991,"husky","massiveart","JavaScript",700,16,1,1,0,17,9,2,1,0,"2014-11-27 00:44:18.0"
5068817,"distarray","enthought","C",701,-2,6,6,6,1,6,1,6,6,"2013-09-05 06:28:35.0"
5068817,"distarray","enthought","C",702,-1,25,16,2,2,6,1,25,2,"2013-10-05 06:28:35.0"
5068817,"distarray","enthought","C",703,1,11,6,2,3,8,1,11,2,"2013-11-04 06:28:35.0"
5068817,"distarray","enthought","C",704,4,7,6,2,6,9,2,7,2,"2014-02-02 06:28:35.0"
5068817,"distarray","enthought","C",705,5,62,55,11,7,12,3,62,11,"2014-03-04 06:28:35.0"
5068817,"distarray","enthought","C",706,6,24,23,11,8,15,4,24,11,"2014-04-03 06:28:35.0"
5068817,"distarray","enthought","C",707,7,23,18,4,9,19,5,23,4,"2014-05-03 06:28:35.0"
5068817,"distarray","enthought","C",708,8,12,7,4,10,19,5,12,4,"2014-06-02 06:28:35.0"
5068817,"distarray","enthought","C",709,9,37,34,12,11,22,5,37,12,"2014-07-02 06:28:35.0"
5068817,"distarray","enthought","C",710,10,21,20,3,12,23,5,21,3,"2014-08-01 06:28:35.0"
5068817,"distarray","enthought","C",711,11,5,5,1,13,26,5,5,1,"2014-08-31 06:28:35.0"
5068817,"distarray","enthought","C",712,12,3,3,1,14,31,5,3,1,"2014-09-30 06:28:35.0"
5068817,"distarray","enthought","C",713,13,1,1,0,15,32,5,1,0,"2014-10-30 06:28:35.0"
6015413,"seqan","seqan","C",329,-2,3,2,0,14,16,11,1,0,"2013-12-18 23:02:15.0"
6015413,"seqan","seqan","C",330,-1,16,13,5,15,17,12,12,5,"2014-01-17 23:02:15.0"
6015413,"seqan","seqan","C",331,1,11,7,2,16,18,14,9,2,"2014-02-16 23:02:15.0"
6015413,"seqan","seqan","C",332,2,7,5,0,17,21,16,2,0,"2014-03-18 23:02:15.0"
6015413,"seqan","seqan","C",333,3,3,2,1,18,23,17,0,0,"2014-04-17 23:02:15.0"
6015413,"seqan","seqan","C",334,4,2,0,0,20,23,20,1,0,"2014-06-16 23:02:15.0"
6015413,"seqan","seqan","C",335,5,6,6,5,20,23,20,3,2,"2014-06-16 23:02:15.0"
6015413,"seqan","seqan","C",336,6,2,1,1,21,25,21,1,1,"2014-07-16 23:02:15.0"
6015413,"seqan","seqan","C",337,7,4,2,2,22,27,21,1,1,"2014-08-15 23:02:15.0"
6015413,"seqan","seqan","C",338,8,5,3,1,23,29,21,2,1,"2014-09-14 23:02:15.0"
6015413,"seqan","seqan","C",339,9,79,65,15,24,33,22,76,15,"2014-10-14 23:02:15.0"
6015413,"seqan","seqan","C",340,10,15,13,2,25,39,23,14,2,"2014-11-13 23:02:15.0"
6304519,"jcabi-github","jcabi","Java",468,-5,25,25,0,1,1,1,25,0,"2013-12-07 04:23:16.0"
6304519,"jcabi-github","jcabi","Java",469,-4,90,88,17,2,5,12,71,1,"2014-01-06 04:23:16.0"
6304519,"jcabi-github","jcabi","Java",470,-3,127,113,30,3,8,22,83,2,"2014-02-05 04:23:16.0"
6304519,"jcabi-github","jcabi","Java",471,-2,105,87,25,4,12,28,71,2,"2014-03-07 04:23:16.0"
6304519,"jcabi-github","jcabi","Java",472,-1,35,30,9,5,15,30,22,3,"2014-04-06 04:23:16.0"
6304519,"jcabi-github","jcabi","Java",473,1,14,12,9,6,19,31,5,2,"2014-05-06 04:23:16.0"
6304519,"jcabi-github","jcabi","Java",474,2,14,12,6,7,22,32,6,0,"2014-06-05 04:23:16.0"
6304519,"jcabi-github","jcabi","Java",475,3,35,30,14,8,23,33,20,1,"2014-07-05 04:23:16.0"
6304519,"jcabi-github","jcabi","Java",476,4,10,6,1,9,24,33,7,0,"2014-08-04 04:23:16.0"
6304519,"jcabi-github","jcabi","Java",477,5,12,8,3,10,26,33,5,0,"2014-09-03 04:23:16.0"
6304519,"jcabi-github","jcabi","Java",478,6,5,4,2,11,29,33,3,0,"2014-10-03 04:23:16.0"
6304519,"jcabi-github","jcabi","Java",479,7,2,0,0,12,30,33,1,0,"2014-11-02 04:23:16.0"
6483396,"onadata","onaio","Python",670,1,29,13,5,3,6,2,26,4,"2013-12-15 22:25:01.0"
6483396,"onadata","onaio","Python",671,2,29,23,3,4,11,2,29,3,"2014-01-14 22:25:01.0"
6483396,"onadata","onaio","Python",672,3,23,13,4,5,16,3,19,3,"2014-02-13 22:25:01.0"
6483396,"onadata","onaio","Python",673,4,13,10,7,6,16,4,10,6,"2014-03-15 22:25:01.0"
6483396,"onadata","onaio","Python",674,5,18,14,9,7,18,4,17,9,"2014-04-14 22:25:01.0"
6483396,"onadata","onaio","Python",675,6,30,25,9,8,18,4,29,9,"2014-05-14 22:25:01.0"
6483396,"onadata","onaio","Python",676,-3,2,1,1,1,2,0,0,0,"2013-10-16 22:25:01.0"
6483396,"onadata","onaio","Python",677,-2,2,1,1,1,2,0,0,0,"2013-10-16 22:25:01.0"
6483396,"onadata","onaio","Python",678,7,35,29,7,9,21,4,30,6,"2014-06-13 22:25:01.0"
6483396,"onadata","onaio","Python",679,8,30,26,14,10,22,4,26,13,"2014-07-13 22:25:01.0"
6483396,"onadata","onaio","Python",680,-1,1,1,0,2,2,0,1,0,"2013-11-15 22:25:01.0"
6483396,"onadata","onaio","Python",681,9,38,34,15,11,24,4,32,12,"2014-08-12 22:25:01.0"
6483396,"onadata","onaio","Python",682,10,27,23,14,12,25,5,16,8,"2014-09-11 22:25:01.0"
6483396,"onadata","onaio","Python",683,11,33,28,7,13,26,6,25,7,"2014-10-11 22:25:01.0"
6483396,"onadata","onaio","Python",684,12,32,20,10,14,28,6,16,8,"2014-11-10 22:25:01.0"
6653643,"scala-js","scala-js","Scala",273,1,30,12,5,10,1093,10,19,4,"2013-12-15 07:33:55.0"
6653643,"scala-js","scala-js","Scala",274,-1,5,3,2,9,1091,0,3,2,"2013-11-15 07:33:55.0"
6653643,"scala-js","scala-js","Scala",275,2,44,33,20,11,1094,18,39,20,"2014-01-14 07:33:55.0"
6653643,"scala-js","scala-js","Scala",276,3,61,51,26,12,1098,22,55,24,"2014-02-13 07:33:55.0"
6653643,"scala-js","scala-js","Scala",277,4,64,50,27,13,1099,34,51,27,"2014-03-15 07:33:55.0"
6653643,"scala-js","scala-js","Scala",278,5,66,58,29,14,1101,38,62,28,"2014-04-14 07:33:55.0"
6653643,"scala-js","scala-js","Scala",279,6,71,65,32,15,1135,43,62,26,"2014-05-14 07:33:55.0"
6653643,"scala-js","scala-js","Scala",280,7,48,45,27,16,1163,44,35,21,"2014-06-13 07:33:55.0"
6653643,"scala-js","scala-js","Scala",281,8,44,41,18,17,1206,46,33,13,"2014-07-13 07:33:55.0"
6653643,"scala-js","scala-js","Scala",282,-9,1,0,0,1,1056,0,0,0,"2013-03-20 07:33:55.0"
6653643,"scala-js","scala-js","Scala",283,-8,2,0,0,2,1064,0,0,0,"2013-04-19 07:33:55.0"
6653643,"scala-js","scala-js","Scala",284,-6,2,0,0,5,1083,0,0,0,"2013-07-18 07:33:55.0"
6653643,"scala-js","scala-js","Scala",285,-5,10,1,0,5,1083,0,4,0,"2013-07-18 07:33:55.0"
6653643,"scala-js","scala-js","Scala",286,-4,3,0,0,6,1088,0,0,0,"2013-08-17 07:33:55.0"
6653643,"scala-js","scala-js","Scala",287,-3,2,0,0,7,1088,0,0,0,"2013-09-16 07:33:55.0"
6653643,"scala-js","scala-js","Scala",288,-2,3,0,0,8,1089,0,0,0,"2013-10-16 07:33:55.0"
6653643,"scala-js","scala-js","Scala",289,9,42,38,17,18,1236,47,26,11,"2014-08-12 07:33:55.0"
6653643,"scala-js","scala-js","Scala",290,10,63,60,19,19,1268,48,52,14,"2014-09-11 07:33:55.0"
6653643,"scala-js","scala-js","Scala",291,11,38,30,11,20,1285,51,28,9,"2014-10-11 07:33:55.0"
6653643,"scala-js","scala-js","Scala",292,12,26,22,5,21,1311,53,21,4,"2014-11-10 07:33:55.0"
7606238,"encore-ui","rackerlabs","JavaScript",449,1,3,2,0,7,0,2,3,0,"2014-02-10 11:06:52.0"
7606238,"encore-ui","rackerlabs","JavaScript",450,2,10,3,1,8,5,4,3,1,"2014-03-12 11:06:52.0"
7606238,"encore-ui","rackerlabs","JavaScript",451,-1,2,1,0,7,0,2,2,0,"2014-02-10 11:06:52.0"
7606238,"encore-ui","rackerlabs","JavaScript",452,3,27,20,3,9,6,5,26,3,"2014-04-11 11:06:52.0"
7606238,"encore-ui","rackerlabs","JavaScript",453,4,48,45,2,10,7,7,48,2,"2014-05-11 11:06:52.0"
7606238,"encore-ui","rackerlabs","JavaScript",454,5,35,34,8,11,7,8,35,8,"2014-06-10 11:06:52.0"
7606238,"encore-ui","rackerlabs","JavaScript",455,6,11,10,1,12,7,8,8,1,"2014-07-10 11:06:52.0"
7606238,"encore-ui","rackerlabs","JavaScript",456,7,20,18,6,13,13,9,18,6,"2014-08-09 11:06:52.0"
7606238,"encore-ui","rackerlabs","JavaScript",457,8,26,25,6,14,14,9,25,5,"2014-09-08 11:06:52.0"
7606238,"encore-ui","rackerlabs","JavaScript",458,9,16,12,4,15,15,9,9,2,"2014-10-08 11:06:52.0"
7606238,"encore-ui","rackerlabs","JavaScript",459,10,10,7,2,16,16,11,7,2,"2014-11-07 11:06:52.0"
8017495,"plottable","palantir","JavaScript",207,9,12,8,5,10,121,16,10,5,"2014-11-18 10:29:19.0"
8017495,"plottable","palantir","JavaScript",197,-1,41,36,4,1,1,0,36,3,"2014-02-21 10:29:19.0"
8017495,"plottable","palantir","JavaScript",198,-2,13,10,0,1,1,0,13,0,"2014-02-21 10:29:19.0"
8017495,"plottable","palantir","JavaScript",199,1,80,65,28,2,5,1,66,24,"2014-03-23 10:29:19.0"
8017495,"plottable","palantir","JavaScript",200,2,57,46,8,3,10,4,39,7,"2014-04-22 10:29:19.0"
8017495,"plottable","palantir","JavaScript",201,3,74,61,34,4,13,6,69,33,"2014-05-22 10:29:19.0"
8017495,"plottable","palantir","JavaScript",202,4,88,77,30,5,18,6,83,29,"2014-06-21 10:29:19.0"
8017495,"plottable","palantir","JavaScript",203,5,66,59,20,6,24,8,60,17,"2014-07-21 10:29:19.0"
8017495,"plottable","palantir","JavaScript",204,6,78,74,16,7,92,11,76,16,"2014-08-20 10:29:19.0"
8017495,"plottable","palantir","JavaScript",205,7,80,80,16,8,110,13,79,16,"2014-09-19 10:29:19.0"
8017495,"plottable","palantir","JavaScript",206,8,48,44,11,9,120,15,46,11,"2014-10-19 10:29:19.0"
8277685,"OTM2","OpenTreeMap","Python",167,-8,42,39,7,14,6,4,39,7,"2014-04-15 06:11:04.0"
8277685,"OTM2","OpenTreeMap","Python",162,-9,27,23,1,12,0,1,26,1,"2014-02-14 06:11:04.0"
8277685,"OTM2","OpenTreeMap","Python",163,-11,15,9,0,11,0,0,15,0,"2014-01-15 06:11:04.0"
8277685,"OTM2","OpenTreeMap","Python",164,-10,17,11,3,11,0,0,17,3,"2014-01-15 06:11:04.0"
8277685,"OTM2","OpenTreeMap","Python",165,-12,6,5,0,9,0,0,6,0,"2013-11-16 06:11:04.0"
8277685,"OTM2","OpenTreeMap","Python",166,-13,12,6,1,8,0,0,12,1,"2013-10-17 06:11:04.0"
8277685,"OTM2","OpenTreeMap","Python",170,-14,6,2,1,8,0,0,6,1,"2013-10-17 06:11:04.0"
8277685,"OTM2","OpenTreeMap","Python",171,-15,3,2,0,7,0,0,3,0,"2013-09-17 06:11:04.0"
8277685,"OTM2","OpenTreeMap","Python",168,-7,33,30,3,14,6,4,32,2,"2014-04-15 06:11:04.0"
8277685,"OTM2","OpenTreeMap","Python",169,-6,22,19,4,15,7,4,21,4,"2014-05-15 06:11:04.0"
8277685,"OTM2","OpenTreeMap","Python",174,-4,20,17,4,17,17,9,18,3,"2014-07-14 06:11:04.0"
8277685,"OTM2","OpenTreeMap","Python",175,-3,28,21,5,19,20,12,28,5,"2014-09-12 06:11:04.0"
8277685,"OTM2","OpenTreeMap","Python",172,-16,2,2,0,6,0,0,2,0,"2013-08-18 06:11:04.0"
8277685,"OTM2","OpenTreeMap","Python",173,-5,25,19,2,16,15,9,25,2,"2014-06-14 06:11:04.0"
8277685,"OTM2","OpenTreeMap","Python",178,-1,12,6,5,21,23,13,12,5,"2014-11-11 06:11:04.0"
8277685,"OTM2","OpenTreeMap","Python",176,-2,40,36,15,19,20,12,40,15,"2014-09-12 06:11:04.0"
8277685,"OTM2","OpenTreeMap","Python",177,-19,1,1,0,3,0,0,1,0,"2013-05-20 06:11:04.0"
8653989,"autotest-docker","autotest","Python",829,-5,3,1,0,1,1,7,1,0,"2014-04-17 06:53:27.0"
8653989,"autotest-docker","autotest","Python",830,-4,19,15,9,1,1,7,11,5,"2014-04-17 06:53:27.0"
8653989,"autotest-docker","autotest","Python",831,-3,24,22,16,2,1,8,18,12,"2014-05-17 06:53:27.0"
8653989,"autotest-docker","autotest","Python",832,-2,14,14,12,3,4,8,14,12,"2014-06-16 06:53:27.0"
8653989,"autotest-docker","autotest","Python",833,-1,11,10,6,4,4,8,5,3,"2014-07-16 06:53:27.0"
8653989,"autotest-docker","autotest","Python",834,1,43,42,4,5,4,8,42,4,"2014-08-15 06:53:27.0"
8653989,"autotest-docker","autotest","Python",835,2,34,34,32,6,4,9,33,32,"2014-09-14 06:53:27.0"
8653989,"autotest-docker","autotest","Python",836,3,4,3,2,7,4,9,1,0,"2014-10-14 06:53:27.0"
8653989,"autotest-docker","autotest","Python",837,4,9,9,3,8,4,9,8,2,"2014-11-13 06:53:27.0"
9553148,"SearchWorks","sul-dlss","Ruby",460,-1,41,24,0,1,1,0,40,0,"2014-06-01 07:08:20.0"
9553148,"SearchWorks","sul-dlss","Ruby",461,1,81,65,5,1,1,0,77,4,"2014-06-01 07:08:20.0"
9553148,"SearchWorks","sul-dlss","Ruby",462,2,101,68,3,2,2,0,97,3,"2014-07-01 07:08:20.0"
9553148,"SearchWorks","sul-dlss","Ruby",463,3,115,94,29,3,2,0,113,28,"2014-07-31 07:08:20.0"
9553148,"SearchWorks","sul-dlss","Ruby",464,4,91,72,22,4,3,0,91,22,"2014-08-30 07:08:20.0"
9553148,"SearchWorks","sul-dlss","Ruby",465,5,45,37,11,5,4,0,45,11,"2014-09-29 07:08:20.0"
9553148,"SearchWorks","sul-dlss","Ruby",466,6,8,7,1,6,4,0,8,1,"2014-10-29 07:08:20.0"
9553148,"SearchWorks","sul-dlss","Ruby",467,7,6,2,0,7,4,0,6,0,"2014-11-28 07:08:20.0"
9801225,"zds-site","zestedesavoir","Python",98,6,51,34,29,11,58,35,33,28,"2014-10-24 05:23:48.0"
9801225,"zds-site","zestedesavoir","Python",90,-6,4,3,0,1,9,0,4,0,"2013-12-28 05:23:48.0"
9801225,"zds-site","zestedesavoir","Python",87,-1,41,30,12,6,10,6,37,10,"2014-05-27 05:23:48.0"
9801225,"zds-site","zestedesavoir","Python",88,1,172,153,81,6,10,6,144,73,"2014-05-27 05:23:48.0"
9801225,"zds-site","zestedesavoir","Python",89,-2,9,6,0,5,9,0,8,0,"2014-04-27 05:23:48.0"
9801225,"zds-site","zestedesavoir","Python",94,-3,1,0,0,4,9,0,1,0,"2014-03-28 05:23:48.0"
9801225,"zds-site","zestedesavoir","Python",91,-4,7,7,0,3,9,0,7,0,"2014-02-26 05:23:48.0"
9801225,"zds-site","zestedesavoir","Python",92,-5,4,4,1,2,9,0,1,1,"2014-01-27 05:23:48.0"
9801225,"zds-site","zestedesavoir","Python",93,2,129,106,66,7,31,20,57,29,"2014-06-26 05:23:48.0"
9801225,"zds-site","zestedesavoir","Python",95,3,53,45,25,8,39,27,20,12,"2014-07-26 05:23:48.0"
9801225,"zds-site","zestedesavoir","Python",96,4,56,52,18,9,52,31,37,11,"2014-08-25 05:23:48.0"
9801225,"zds-site","zestedesavoir","Python",97,5,32,20,6,10,56,33,20,4,"2014-09-24 05:23:48.0"
